date,visitors_total,bank_holiday,school_holiday,event,freizeitbad_closed,sportbad_closed,sauna_closed,kursbecken_closed,price_adult_90min,price_adult_max,price_reduced_90min,price_reduced_max,sloop_dummy,sloop_days_since_opening
2005-03-20,915,0,0,0,0,0,0,0,3.2,6.7,1.7,3.7,0,0
2005-03-21,1057,0,3,0,0,0,0,0,3.2,6.7,1.7,3.7,0,0
2005-03-22,1482,0,3,0,0,0,0,0,3.2,6.7,1.7,3.7,0,0
2005-03-23,1883,0,3,0,0,0,0,0,3.2,6.7,1.7,3.7,0,0
2005-03-24,1790,0,3,0,0,0,0,0,3.2,6.7,1.7,3.7,0,0
2005-03-25,2193,3,3,0,0,0,0,0,3.2,6.7,1.7,3.7,0,0
2005-03-26,1481,0,3,0,0,0,0,0,3.2,6.7,1.7,3.7,0,0
2005-03-27,865,0,3,0,0,0,0,0,3.2,6.7,1.7,3.7,0,0
2005-03-28,1942,3,3,0,0,0,0,0,3.2,6.7,1.7,3.7,0,0
2005-03-29,2753,0,3,0,0,0,0,0,3.2,6.7,1.7,3.7,0,0
2005-03-30,3160,0,3,0,0,0,0,0,3.2,6.7,1.7,3.7,0,0
2005-03-31,3135,0,3,0,0,0,0,0,3.2,6.7,1.7,3.7,0,0
2005-04-01,2054,0,3,0,0,0,0,0,3.2,6.7,1.7,3.7,0,0
2005-04-02,1529,0,3,0,0,0,0,0,3.2,6.7,1.7,3.7,0,0
2005-04-03,1699,0,0,0,0,0,0,0,3.2,6.7,1.7,3.7,0,0
2005-04-04,817,0,0,0,0,0,0,0,3.2,6.7,1.7,3.7,0,0
2005-04-05,718,0,0,0,0,0,0,0,3.2,6.7,1.7,3.7,0,0
2005-04-06,726,0,0,0,0,0,0,0,3.2,6.7,1.7,3.7,0,0
2005-04-07,638,0,0,0,0,0,0,0,3.2,6.7,1.7,3.7,0,0
2005-04-08,1089,0,0,0,0,0,0,0,3.2,6.7,1.7,3.7,0,0
2005-04-09,1941,0,0,0,0,0,0,0,3.2,6.7,1.7,3.7,0,0
2005-04-10,2590,0,0,0,0,0,0,0,3.2,6.7,1.7,3.7,0,0
2005-04-11,912,0,0,0,0,0,0,0,3.2,6.7,1.7,3.7,0,0
2005-04-12,589,0,0,0,0,0,0,0,3.2,6.7,1.7,3.7,0,0
2005-04-13,793,0,0,0,0,0,0,0,3.2,6.7,1.7,3.7,0,0
2005-04-14,585,0,0,0,0,0,0,0,3.2,6.7,1.7,3.7,0,0
2005-04-15,1015,0,0,0,0,0,0,0,3.2,6.7,1.7,3.7,0,0
2005-04-16,1658,0,0,0,0,0,0,0,3.2,6.7,1.7,3.7,0,0
2005-04-17,2033,0,0,0,0,0,0,0,3.2,6.7,1.7,3.7,0,0
2005-04-18,847,0,0,0,0,0,0,0,3.2,6.7,1.7,3.7,0,0
2005-04-19,692,0,0,0,0,0,0,0,3.2,6.7,1.7,3.7,0,0
2005-04-20,736,0,0,0,0,0,0,0,3.2,6.7,1.7,3.7,0,0
2005-04-21,657,0,0,0,0,0,0,0,3.2,6.7,1.7,3.7,0,0
2005-04-22,888,0,0,0,0,0,0,0,3.2,6.7,1.7,3.7,0,0
2005-04-23,1216,0,0,0,0,0,0,0,3.2,6.7,1.7,3.7,0,0
2005-04-24,1230,0,0,0,0,0,0,0,3.2,6.7,1.7,3.7,0,0
2005-04-25,763,0,0,0,0,0,0,0,3.2,6.7,1.7,3.7,0,0
2005-04-26,612,0,0,0,0,0,0,0,3.2,6.7,1.7,3.7,0,0
2005-04-27,771,0,0,0,0,0,0,0,3.2,6.7,1.7,3.7,0,0
2005-04-28,681,0,0,0,0,0,0,0,3.2,6.7,1.7,3.7,0,0
2005-04-29,903,0,0,0,0,0,0,0,3.2,6.7,1.7,3.7,0,0
2005-04-30,937,0,0,0,0,0,0,0,3.2,6.7,1.7,3.7,0,0
2005-05-01,1085,3,0,0,0,0,0,0,3.2,6.7,1.7,3.7,0,0
2005-05-02,759,0,0,0,0,0,0,0,3.2,6.7,1.7,3.7,0,0
2005-05-03,616,0,0,0,0,0,0,0,3.2,6.7,1.7,3.7,0,0
2005-05-04,855,0,0,0,0,0,0,0,3.2,6.7,1.7,3.7,0,0
2005-05-05,1291,3,0,0,0,0,0,0,3.2,6.7,1.7,3.7,0,0
2005-05-06,1695,0,1,0,0,0,0,0,3.2,6.7,1.7,3.7,0,0
2005-05-07,1594,0,0,0,0,0,0,0,3.2,6.7,1.7,3.7,0,0
2005-05-08,1249,0,0,0,0,1,0,0,3.2,6.7,1.7,3.7,0,0
2005-05-09,771,0,0,0,0,1,0,0,3.2,6.7,1.7,3.7,0,0
2005-05-10,549,0,0,0,0,1,0,0,3.2,6.7,1.7,3.7,0,0
2005-05-11,638,0,0,0,0,1,0,0,3.2,6.7,1.7,3.7,0,0
2005-05-12,526,0,0,0,0,1,0,0,3.2,6.7,1.7,3.7,0,0
2005-05-13,656,0,0,0,0,1,0,0,3.2,6.7,1.7,3.7,0,0
2005-05-14,913,0,0,0,0,0,0,0,3.2,6.7,1.7,3.7,0,0
2005-05-15,1472,0,0,0,0,0,0,1,3.2,6.7,1.7,3.7,0,0
2005-05-16,1702,3,0,0,0,0,0,1,3.2,6.7,1.7,3.7,0,0
2005-05-17,600,0,0,0,0,0,0,1,3.2,6.7,1.7,3.7,0,0
2005-05-18,714,0,0,0,0,0,0,1,3.2,6.7,1.7,3.7,0,0
2005-05-19,600,0,0,0,0,0,0,1,3.2,6.7,1.7,3.7,0,0
2005-05-20,685,0,0,0,0,0,0,1,3.2,6.7,1.7,3.7,0,0
2005-05-21,1009,0,0,0,0,0,0,1,3.2,6.7,1.7,3.7,0,0
2005-05-22,1456,0,0,0,0,0,0,1,3.2,6.7,1.7,3.7,0,0
2005-05-23,693,0,0,0,0,0,0,1,3.2,6.7,1.7,3.7,0,0
2005-05-24,582,0,0,0,0,0,0,1,3.2,6.7,1.7,3.7,0,0
2005-05-25,1462,0,1,0,0,0,0,1,3.2,6.7,1.7,3.7,0,0
2005-05-26,1878,2,1,0,0,0,0,1,3.2,6.7,1.7,3.7,0,0
2005-05-27,2445,0,1,0,0,0,0,1,3.2,6.7,1.7,3.7,0,0
2005-05-28,2621,0,1,0,0,0,0,0,3.2,6.7,1.7,3.7,0,0
2005-05-29,2262,0,0,0,0,0,0,0,3.2,6.7,1.7,3.7,0,0
2005-05-30,626,0,0,0,0,0,0,0,3.2,6.7,1.7,3.7,0,0
2005-05-31,637,0,0,0,0,0,0,0,3.2,6.7,1.7,3.7,0,0
2005-06-01,628,0,0,0,0,0,0,0,3.2,6.7,1.7,3.7,0,0
2005-06-02,672,0,0,0,0,0,0,0,3.2,6.7,1.7,3.7,0,0
2005-06-03,855,0,0,0,0,0,0,0,3.2,6.7,1.7,3.7,0,0
2005-06-04,1242,0,0,0,0,0,0,0,3.2,6.7,1.7,3.7,0,0
2005-06-05,1916,0,0,0,0,0,0,0,3.2,6.7,1.7,3.7,0,0
2005-06-06,1387,0,0,0,0,0,0,0,3.2,6.7,1.7,3.7,0,0
2005-06-07,513,0,0,0,0,0,0,0,3.2,6.7,1.7,3.7,0,0
2005-06-08,643,0,0,0,0,0,0,0,3.2,6.7,1.7,3.7,0,0
2005-06-09,675,0,0,0,0,0,0,0,3.2,6.7,1.7,3.7,0,0
2005-06-10,562,0,0,0,0,0,0,0,3.2,6.7,1.7,3.7,0,0
2005-06-11,1224,0,0,0,0,0,0,0,3.2,6.7,1.7,3.7,0,0
2005-06-12,1705,0,0,0,0,0,0,0,3.2,6.7,1.7,3.7,0,0
2005-06-13,724,0,0,0,0,0,0,0,3.2,6.7,1.7,3.7,0,0
2005-06-14,601,0,0,0,0,0,0,0,3.2,6.7,1.7,3.7,0,0
2005-06-15,857,0,0,0,0,0,0,0,3.2,6.7,1.7,3.7,0,0
2005-06-16,729,0,0,0,0,0,0,0,3.2,6.7,1.7,3.7,0,0
2005-06-17,731,0,0,0,0,0,0,0,3.2,6.7,1.7,3.7,0,0
2005-06-18,1415,0,0,0,0,0,0,0,3.2,6.7,1.7,3.7,0,0
2005-06-19,3761,0,0,0,0,0,0,0,3.2,6.7,1.7,3.7,0,0
2005-06-20,1827,0,0,0,0,0,0,0,3.2,6.7,1.7,3.7,0,0
2005-06-21,983,0,0,0,0,0,0,0,3.2,6.7,1.7,3.7,0,0
2005-06-22,880,0,0,0,0,0,0,0,3.2,6.7,1.7,3.7,0,0
2005-06-23,1669,0,0,0,0,0,0,0,3.2,6.7,1.7,3.7,0,0
2005-06-24,1486,0,0,0,0,0,0,0,3.2,6.7,1.7,3.7,0,0
2005-06-25,1529,0,0,0,0,0,0,0,3.2,6.7,1.7,3.7,0,0
2005-06-26,2011,0,0,0,0,0,0,0,3.2,6.7,1.7,3.7,0,0
2005-06-27,1028,0,0,0,0,0,0,0,3.2,6.7,1.7,3.7,0,0
2005-06-28,907,0,0,0,0,0,0,0,3.2,6.7,1.7,3.7,0,0
2005-06-29,851,0,0,0,0,0,0,0,3.2,6.7,1.7,3.7,0,0
2005-06-30,619,0,0,0,0,0,0,0,3.2,6.7,1.7,3.7,0,0
2005-07-01,784,0,0,0,0,0,0,0,3.2,6.7,1.7,3.7,0,0
2005-07-02,1050,0,0,0,0,0,0,0,3.2,6.7,1.7,3.7,0,0
2005-07-03,1589,0,0,0,0,0,0,0,3.2,6.7,1.7,3.7,0,0
2005-07-04,1094,0,0,0,0,0,0,0,3.2,6.7,1.7,3.7,0,0
2005-07-05,829,0,0,0,0,0,0,0,3.2,6.7,1.7,3.7,0,0
2005-07-06,981,0,0,0,0,0,0,0,3.2,6.7,1.7,3.7,0,0
2005-07-07,759,0,2,0,0,0,0,0,3.2,6.7,1.7,3.7,0,0
2005-07-08,938,0,2,0,0,0,0,0,3.2,6.7,1.7,3.7,0,0
2005-07-09,1155,0,2,0,0,0,0,0,3.2,6.7,1.7,3.7,0,0
2005-07-10,2171,0,2,0,0,0,0,0,3.2,6.7,1.7,3.7,0,0
2005-07-11,1361,0,2,0,0,0,0,0,3.2,6.7,1.7,3.7,0,0
2005-07-12,1619,0,2,0,0,0,0,0,3.2,6.7,1.7,3.7,0,0
2005-07-13,1620,0,2,0,0,0,0,0,3.2,6.7,1.7,3.7,0,0
2005-07-14,2047,0,3,0,0,0,0,0,3.2,6.7,1.7,3.7,0,0
2005-07-15,1689,0,3,0,0,0,0,0,3.2,6.7,1.7,3.7,0,0
2005-07-16,1406,0,3,0,0,0,0,0,3.2,6.7,1.7,3.7,0,0
2005-07-17,1990,0,3,0,0,0,0,0,3.2,6.7,1.7,3.7,0,0
2005-07-18,1897,0,3,0,0,0,0,0,3.2,6.7,1.7,3.7,0,0
2005-07-19,1407,0,3,0,0,0,0,0,3.2,6.7,1.7,3.7,0,0
2005-07-20,1550,0,3,0,0,0,0,0,3.2,6.7,1.7,3.7,0,0
2005-07-21,1724,0,3,0,0,0,0,0,3.2,6.7,1.7,3.7,0,0
2005-07-22,1597,0,3,0,0,0,0,0,3.2,6.7,1.7,3.7,0,0
2005-07-23,1500,0,3,0,0,0,0,0,3.2,6.7,1.7,3.7,0,0
2005-07-24,2088,0,3,0,0,0,0,0,3.2,6.7,1.7,3.7,0,0
2005-07-25,1548,0,3,0,0,0,0,0,3.2,6.7,1.7,3.7,0,0
2005-07-26,2169,0,3,0,0,0,0,0,3.2,6.7,1.7,3.7,0,0
2005-07-27,1948,0,3,0,0,0,0,0,3.2,6.7,1.7,3.7,0,0
2005-07-28,2579,0,3,0,0,0,0,0,3.2,6.7,1.7,3.7,0,0
2005-07-29,1990,0,3,0,0,0,0,0,3.2,6.7,1.7,3.7,0,0
2005-07-30,1612,0,3,0,0,0,0,0,3.2,6.7,1.7,3.7,0,0
2005-07-31,2408,0,3,0,0,0,0,0,3.2,6.7,1.7,3.7,0,0
2005-08-01,1513,0,3,0,0,0,0,0,3.2,6.7,1.7,3.7,0,0
2005-08-02,1877,0,3,0,0,0,0,0,3.2,6.7,1.7,3.7,0,0
2005-08-03,1999,0,3,0,0,0,0,0,3.2,6.7,1.7,3.7,0,0
2005-08-04,1950,0,3,0,0,0,0,0,3.2,6.7,1.7,3.7,0,0
2005-08-05,1785,0,3,0,0,0,0,0,3.2,6.7,1.7,3.7,0,0
2005-08-06,1920,0,3,0,0,0,0,0,3.2,6.7,1.7,3.7,0,0
2005-08-07,2623,0,3,0,0,0,0,0,3.2,6.7,1.7,3.7,0,0
2005-08-08,1888,0,3,0,0,0,0,0,3.2,6.7,1.7,3.7,0,0
2005-08-09,2328,0,3,0,0,0,0,0,3.2,6.7,1.7,3.7,0,0
2005-08-10,2407,0,3,0,0,0,0,0,3.2,6.7,1.7,3.7,0,0
2005-08-11,2455,0,3,0,0,0,0,0,3.2,6.7,1.7,3.7,0,0
2005-08-12,2011,0,3,0,0,0,0,0,3.2,6.7,1.7,3.7,0,0
2005-08-13,1681,0,3,0,0,0,0,0,3.2,6.7,1.7,3.7,0,0
2005-08-14,2780,0,3,0,0,0,0,0,3.2,6.7,1.7,3.7,0,0
2005-08-15,1951,0,3,0,0,0,0,0,3.2,6.7,1.7,3.7,0,0
2005-08-16,2044,0,3,0,0,0,0,0,3.2,6.7,1.7,3.7,0,0
2005-08-17,2293,0,3,0,0,0,0,0,3.2,6.7,1.7,3.7,0,0
2005-08-18,2948,0,3,0,0,0,0,0,3.2,6.7,1.7,3.7,0,0
2005-08-19,2684,0,3,0,0,0,0,0,3.2,6.7,1.7,3.7,0,0
2005-08-20,1721,0,1,0,0,0,0,0,3.2,6.7,1.7,3.7,0,0
2005-08-21,2095,0,1,0,0,0,0,0,3.2,6.7,1.7,3.7,0,0
2005-08-22,1838,0,1,0,0,0,0,0,3.2,6.7,1.7,3.7,0,0
2005-08-23,2445,0,1,0,0,0,0,0,3.2,6.7,1.7,3.7,0,0
2005-08-24,2511,0,1,0,0,0,0,0,3.2,6.7,1.7,3.7,0,0
2005-08-25,725,0,0,0,0,0,0,0,3.2,6.7,1.7,3.7,0,0
2005-08-26,759,0,0,0,0,0,0,0,3.2,6.7,1.7,3.7,0,0
2005-08-27,888,0,0,0,0,0,0,0,3.2,6.7,1.7,3.7,0,0
2005-08-28,1433,0,0,0,0,0,0,0,3.2,6.7,1.7,3.7,0,0
2005-08-29,877,0,0,0,0,0,0,0,3.2,6.7,1.7,3.7,0,0
2005-08-30,991,0,0,0,0,0,0,0,3.2,6.7,1.7,3.7,0,0
2005-08-31,1618,0,0,0,0,0,0,0,3.2,6.7,1.7,3.7,0,0
2005-09-01,1303,0,0,0,0,0,0,0,3.2,6.7,1.7,3.7,0,0
2005-09-02,747,0,0,0,0,0,0,0,3.2,6.7,1.7,3.7,0,0
2005-09-03,1180,0,0,0,0,0,0,0,3.2,6.7,1.7,3.7,0,0
2005-09-04,1933,0,0,0,0,0,0,0,3.2,6.7,1.7,3.7,0,0
2005-09-05,985,0,0,0,0,0,0,0,3.2,6.7,1.7,3.7,0,0
2005-09-06,1036,0,0,0,0,0,0,0,3.2,6.7,1.7,3.7,0,0
2005-09-07,1051,0,0,0,0,0,0,0,3.2,6.7,1.7,3.7,0,0
2005-09-08,1155,0,0,0,0,0,0,0,3.2,6.7,1.7,3.7,0,0
2005-09-09,850,0,0,0,0,0,0,0,3.2,6.7,1.7,3.7,0,0
2005-09-10,1405,0,0,0,0,0,0,0,3.2,6.7,1.7,3.7,0,0
2005-09-11,1549,0,0,0,0,0,0,0,3.2,6.7,1.7,3.7,0,0
2005-09-12,608,0,0,0,0,0,0,0,3.2,6.7,1.7,3.7,0,0
2005-09-13,604,0,0,0,0,0,0,0,3.2,6.7,1.7,3.7,0,0
2005-09-14,591,0,0,0,0,0,0,0,3.2,6.7,1.7,3.7,0,0
2005-09-15,558,0,0,0,0,0,0,0,3.2,6.7,1.7,3.7,0,0
2005-09-16,731,0,0,0,0,0,0,0,3.2,6.7,1.7,3.7,0,0
2005-09-17,1260,0,0,0,0,0,0,0,3.2,6.7,1.7,3.7,0,0
2005-09-18,1167,0,0,0,0,0,0,0,3.2,6.7,1.7,3.7,0,0
2005-09-19,609,0,0,0,0,0,0,0,3.2,6.7,1.7,3.7,0,0
2005-09-20,479,0,0,0,0,0,0,0,3.2,6.7,1.7,3.7,0,0
2005-09-21,528,0,0,0,0,0,0,0,3.2,6.7,1.7,3.7,0,0
2005-09-22,584,0,0,0,0,0,0,0,3.2,6.7,1.7,3.7,0,0
2005-09-23,641,0,0,0,0,0,0,0,3.2,6.7,1.7,3.7,0,0
2005-09-24,1112,0,0,0,0,0,0,0,3.2,6.7,1.7,3.7,0,0
2005-09-25,1508,0,0,0,0,0,0,0,3.2,6.7,1.7,3.7,0,0
2005-09-26,672,0,0,0,0,0,0,0,3.2,6.7,1.7,3.7,0,0
2005-09-27,482,0,0,0,0,0,0,0,3.2,6.7,1.7,3.7,0,0
2005-09-28,535,0,0,0,0,0,0,0,3.2,6.7,1.7,3.7,0,0
2005-09-29,523,0,0,0,0,0,0,0,3.2,6.7,1.7,3.7,0,0
2005-09-30,584,0,0,0,0,0,0,0,3.2,6.7,1.7,3.7,0,0
2005-10-01,1221,0,0,0,0,0,0,0,3.2,6.7,1.7,3.7,0,0
2005-10-02,1671,0,0,0,0,0,0,0,3.2,6.7,1.7,3.7,0,0
2005-10-03,1690,3,0,0,0,0,0,0,3.2,6.7,1.7,3.7,0,0
2005-10-04,589,0,2,0,0,0,0,0,3.2,6.7,1.7,3.7,0,0
2005-10-05,850,0,2,0,0,0,0,0,3.2,6.7,1.7,3.7,0,0
2005-10-06,615,0,2,0,0,0,0,0,3.2,6.7,1.7,3.7,0,0
2005-10-07,674,0,2,0,0,0,0,0,3.2,6.7,1.7,3.7,0,0
2005-10-08,752,0,2,0,0,0,0,0,3.2,6.7,1.7,3.7,0,0
2005-10-09,1370,0,2,0,0,0,0,0,3.2,6.7,1.7,3.7,0,0
2005-10-10,823,0,2,0,0,0,0,0,3.2,6.7,1.7,3.7,0,0
2005-10-11,784,0,2,0,0,0,0,0,3.2,6.7,1.7,3.7,0,0
2005-10-12,795,0,2,0,0,0,0,0,3.2,6.7,1.7,3.7,0,0
2005-10-13,738,0,2,0,0,0,0,0,3.2,6.7,1.7,3.7,0,0
2005-10-14,813,0,2,0,0,0,0,0,3.2,6.7,1.7,3.7,0,0
2005-10-15,1116,0,2,0,0,0,0,0,3.2,6.7,1.7,3.7,0,0
2005-10-16,1582,0,0,0,0,0,0,0,3.2,6.7,1.7,3.7,0,0
2005-10-17,959,0,1,0,0,0,0,0,3.2,6.7,1.7,3.7,0,0
2005-10-18,925,0,1,0,0,0,0,0,3.2,6.7,1.7,3.7,0,0
2005-10-19,1135,0,1,0,0,0,0,0,3.2,6.7,1.7,3.7,0,0
2005-10-20,1087,0,1,0,0,0,0,0,3.2,6.7,1.7,3.7,0,0
2005-10-21,1014,0,1,0,0,0,0,0,3.2,6.7,1.7,3.7,0,0
2005-10-22,1161,0,1,0,0,0,0,0,3.2,6.7,1.7,3.7,0,0
2005-10-23,1764,0,1,0,0,0,0,0,3.2,6.7,1.7,3.7,0,0
2005-10-24,1495,0,1,0,0,0,0,0,3.2,6.7,1.7,3.7,0,0
2005-10-25,1343,0,1,0,0,0,0,0,3.2,6.7,1.7,3.7,0,0
2005-10-26,1448,0,1,0,0,0,0,0,3.2,6.7,1.7,3.7,0,0
2005-10-27,1200,0,1,0,0,0,0,0,3.2,6.7,1.7,3.7,0,0
2005-10-28,1123,0,1,0,0,0,0,0,3.2,6.7,1.7,3.7,0,0
2005-10-29,1076,0,1,0,0,0,0,0,3.2,6.7,1.7,3.7,0,0
2005-10-30,1344,0,0,0,0,0,0,0,3.2,6.7,1.7,3.7,0,0
2005-10-31,929,0,0,0,0,0,0,0,3.2,6.7,1.7,3.7,0,0
2005-11-01,1012,2,0,0,0,0,0,0,3.2,6.7,1.7,3.7,0,0
2005-11-02,556,0,0,0,0,0,0,0,3.2,6.7,1.7,3.7,0,0
2005-11-03,483,0,0,0,0,0,0,0,3.2,6.7,1.7,3.7,0,0
2005-11-04,682,0,0,0,0,0,0,0,3.2,6.7,1.7,3.7,0,0
2005-11-05,990,0,0,0,0,0,0,0,3.2,6.7,1.7,3.7,0,0
2005-11-06,1425,0,0,0,0,0,0,0,3.2,6.7,1.7,3.7,0,0
2005-11-07,660,0,0,0,0,0,0,0,3.2,6.7,1.7,3.7,0,0
2005-11-08,508,0,0,0,0,0,0,0,3.2,6.7,1.7,3.7,0,0
2005-11-09,515,0,0,0,0,0,0,0,3.2,6.7,1.7,3.7,0,0
2005-11-10,411,0,0,0,0,0,0,0,3.2,6.7,1.7,3.7,0,0
2005-11-11,659,0,0,0,0,0,0,0,3.2,6.7,1.7,3.7,0,0
2005-11-12,1610,0,0,0,0,0,0,0,3.2,6.7,1.7,3.7,0,0
2005-11-13,2587,0,0,0,0,0,0,0,3.2,6.7,1.7,3.7,0,0
2005-11-14,649,0,0,0,0,0,0,0,3.2,6.7,1.7,3.7,0,0
2005-11-15,461,0,0,0,0,0,0,0,3.2,6.7,1.7,3.7,0,0
2005-11-16,529,0,0,0,0,0,0,0,3.2,6.7,1.7,3.7,0,0
2005-11-17,384,0,0,0,0,0,0,0,3.2,6.7,1.7,3.7,0,0
2005-11-18,567,0,0,0,0,0,0,0,3.2,6.7,1.7,3.7,0,0
2005-11-19,908,0,0,0,0,0,0,0,3.2,6.7,1.7,3.7,0,0
2005-11-20,1394,0,0,0,0,0,0,0,3.2,6.7,1.7,3.7,0,0
2005-11-21,576,0,0,0,0,0,0,0,3.2,6.7,1.7,3.7,0,0
2005-11-22,421,0,0,0,0,0,0,0,3.2,6.7,1.7,3.7,0,0
2005-11-23,482,0,0,0,0,0,0,0,3.2,6.7,1.7,3.7,0,0
2005-11-24,405,0,0,0,0,0,0,0,3.2,6.7,1.7,3.7,0,0
2005-11-25,142,0,0,0,0,0,0,0,3.2,6.7,1.7,3.7,0,0
2005-11-26,274,0,0,0,0,0,0,0,3.2,6.7,1.7,3.7,0,0
2005-11-27,538,0,0,0,0,0,0,0,3.2,6.7,1.7,3.7,0,0
2005-11-28,521,0,0,0,0,0,0,0,3.2,6.7,1.7,3.7,0,0
2005-11-29,372,0,0,0,0,0,0,0,3.2,6.7,1.7,3.7,0,0
2005-11-30,429,0,0,0,0,0,0,0,3.2,6.7,1.7,3.7,0,0
2005-12-01,434,0,0,0,0,0,0,0,3.2,6.7,1.7,3.7,0,0
2005-12-02,530,0,0,0,0,0,0,0,3.2,6.7,1.7,3.7,0,0
2005-12-03,830,0,0,0,0,0,0,0,3.2,6.7,1.7,3.7,0,0
2005-12-04,1096,0,0,0,0,0,0,0,3.2,6.7,1.7,3.7,0,0
2005-12-05,609,0,0,0,0,0,0,0,3.2,6.7,1.7,3.7,0,0
2005-12-06,362,0,0,0,0,0,0,0,3.2,6.7,1.7,3.7,0,0
2005-12-07,463,0,0,0,0,0,0,0,3.2,6.7,1.7,3.7,0,0
2005-12-08,405,0,0,0,0,0,0,0,3.2,6.7,1.7,3.7,0,0
2005-12-09,454,0,0,0,0,0,0,0,3.2,6.7,1.7,3.7,0,0
2005-12-10,886,0,0,0,0,0,0,0,3.2,6.7,1.7,3.7,0,0
2005-12-11,1347,0,0,0,0,0,0,0,3.2,6.7,1.7,3.7,0,0
2005-12-12,596,0,0,0,0,0,0,0,3.2,6.7,1.7,3.7,0,0
2005-12-13,412,0,0,0,0,0,0,0,3.2,6.7,1.7,3.7,0,0
2005-12-14,439,0,0,0,0,0,0,0,3.2,6.7,1.7,3.7,0,0
2005-12-15,376,0,0,0,0,0,0,0,3.2,6.7,1.7,3.7,0,0
2005-12-16,487,0,0,0,0,0,0,0,3.2,6.7,1.7,3.7,0,0
2005-12-17,789,0,0,0,0,0,0,0,3.2,6.7,1.7,3.7,0,0
2005-12-18,936,0,0,0,0,0,0,0,3.2,6.7,1.7,3.7,0,0
2005-12-19,581,0,0,0,0,0,0,0,3.2,6.7,1.7,3.7,0,0
2005-12-20,386,0,0,0,0,0,0,0,3.2,6.7,1.7,3.7,0,0
2005-12-21,430,0,0,0,0,0,0,0,3.2,6.7,1.7,3.7,0,0
2005-12-22,423,0,0,0,0,0,0,0,3.2,6.7,1.7,3.7,0,0
2005-12-23,739,0,1,0,0,0,0,0,3.2,6.7,1.7,3.7,0,0
2005-12-24,320,0,3,0,0,0,0,0,3.2,6.7,1.7,3.7,0,0
2005-12-26,668,3,3,0,0,0,0,0,3.2,6.7,1.7,3.7,0,0
2005-12-27,1241,0,3,0,0,0,0,0,3.2,6.7,1.7,3.7,0,0
2005-12-28,1790,0,3,0,0,0,0,0,3.2,6.7,1.7,3.7,0,0
2005-12-29,1595,0,3,0,0,0,0,0,3.2,6.7,1.7,3.7,0,0
2005-12-30,1613,0,3,0,0,0,0,0,3.2,6.7,1.7,3.7,0,0
2005-12-31,617,0,3,0,0,0,0,0,3.2,6.7,1.7,3.7,0,0
2006-01-01,524,3,3,0,0,0,0,0,3.2,6.7,1.7,3.7,0,0
2006-01-02,2020,0,3,0,0,0,0,0,3.2,6.7,1.7,3.7,0,0
2006-01-03,2004,0,3,0,0,0,0,0,3.2,6.7,1.7,3.7,0,0
2006-01-04,2151,0,3,0,0,0,0,0,3.2,6.7,1.7,3.7,0,0
2006-01-05,2170,0,3,0,0,0,0,0,3.2,6.7,1.7,3.7,0,0
2006-01-06,1929,0,3,0,0,0,0,0,3.2,6.7,1.7,3.7,0,0
2006-01-07,1683,0,0,0,0,0,0,0,3.2,6.7,1.7,3.7,0,0
2006-01-08,2087,0,0,0,0,0,0,0,3.2,6.7,1.7,3.7,0,0
2006-01-09,588,0,0,0,0,0,0,0,3.2,6.7,1.7,3.7,0,0
2006-01-10,513,0,0,0,0,0,0,0,3.2,6.7,1.7,3.7,0,0
2006-01-11,634,0,0,0,0,0,0,0,3.2,6.7,1.7,3.7,0,0
2006-01-12,551,0,0,0,0,0,0,0,3.2,6.7,1.7,3.7,0,0
2006-01-13,871,0,0,0,0,0,0,0,3.2,6.7,1.7,3.7,0,0
2006-01-14,1709,0,0,0,0,0,0,0,3.2,6.7,1.7,3.7,0,0
2006-01-15,2178,0,0,0,0,0,0,0,3.2,6.7,1.7,3.7,0,0
2006-01-16,820,0,0,0,0,0,0,0,3.2,6.7,1.7,3.7,0,0
2006-01-17,541,0,0,0,0,0,0,0,3.2,6.7,1.7,3.7,0,0
2006-01-18,736,0,0,0,0,0,0,0,3.2,6.7,1.7,3.7,0,0
2006-01-19,647,0,0,0,0,0,0,0,3.2,6.7,1.7,3.7,0,0
2006-01-20,1014,0,0,0,0,0,0,0,3.2,6.7,1.7,3.7,0,0
2006-01-21,1770,0,0,0,0,0,0,0,3.2,6.7,1.7,3.7,0,0
2006-01-22,2166,0,0,0,0,0,0,0,3.2,6.7,1.7,3.7,0,0
2006-01-23,1035,0,0,0,0,0,0,0,3.2,6.7,1.7,3.7,0,0
2006-01-24,609,0,0,0,0,0,0,0,3.2,6.7,1.7,3.7,0,0
2006-01-25,631,0,0,0,0,0,0,0,3.2,6.7,1.7,3.7,0,0
2006-01-26,613,0,0,0,0,0,0,0,3.2,6.7,1.7,3.7,0,0
2006-01-27,1284,0,0,1,0,0,0,0,3.2,6.7,1.7,3.7,0,0
2006-01-28,1725,0,0,1,0,0,0,0,3.2,6.7,1.7,3.7,0,0
2006-01-29,2131,0,0,0,0,0,0,0,3.2,6.7,1.7,3.7,0,0
2006-01-30,2137,0,1,0,0,0,0,0,3.2,6.7,1.7,3.7,0,0
2006-01-31,1542,0,1,0,0,0,0,0,3.2,6.7,1.7,3.7,0,0
2006-02-01,633,0,0,0,0,0,0,0,3.2,6.7,1.7,3.7,0,0
2006-02-02,628,0,0,0,0,0,0,0,3.2,6.7,1.7,3.7,0,0
2006-02-03,899,0,0,0,0,0,0,0,3.2,6.7,1.7,3.7,0,0
2006-02-04,1623,0,0,1,0,0,0,0,3.2,6.7,1.7,3.7,0,0
2006-02-05,2069,0,0,1,0,0,0,0,3.2,6.7,1.7,3.7,0,0
2006-02-06,902,0,0,0,0,0,0,0,3.2,6.7,1.7,3.7,0,0
2006-02-07,597,0,0,0,0,0,0,0,3.2,6.7,1.7,3.7,0,0
2006-02-08,745,0,0,0,0,0,0,0,3.2,6.7,1.7,3.7,0,0
2006-02-09,707,0,0,0,0,0,0,0,3.2,6.7,1.7,3.7,0,0
2006-02-10,1409,0,0,0,0,0,0,0,3.2,6.7,1.7,3.7,0,0
2006-02-11,1590,0,0,1,0,0,0,0,3.2,6.7,1.7,3.7,0,0
2006-02-12,1876,0,0,1,0,0,0,0,3.2,6.7,1.7,3.7,0,0
2006-02-13,834,0,0,0,0,0,0,0,3.2,6.7,1.7,3.7,0,0
2006-02-14,677,0,0,0,0,0,0,0,3.2,6.7,1.7,3.7,0,0
2006-02-15,693,0,0,0,0,0,0,0,3.2,6.7,1.7,3.7,0,0
2006-02-16,581,0,0,0,0,0,0,0,3.2,6.7,1.7,3.7,0,0
2006-02-17,984,0,0,0,0,0,0,0,3.2,6.7,1.7,3.7,0,0
2006-02-18,1372,0,0,0,0,0,0,0,3.2,6.7,1.7,3.7,0,0
2006-02-19,2031,0,0,0,0,0,0,0,3.2,6.7,1.7,3.7,0,0
2006-02-20,831,0,0,0,0,0,0,0,3.2,6.7,1.7,3.7,0,0
2006-02-21,605,0,0,0,0,0,0,0,3.2,6.7,1.7,3.7,0,0
2006-02-22,743,0,0,0,0,0,0,0,3.2,6.7,1.7,3.7,0,0
2006-02-23,539,0,0,0,0,0,0,0,3.2,6.7,1.7,3.7,0,0
2006-02-24,749,0,0,0,0,0,0,0,3.2,6.7,1.7,3.7,0,0
2006-02-25,1277,0,0,0,0,0,0,0,3.2,6.7,1.7,3.7,0,0
2006-02-26,1604,0,0,1,0,0,0,0,3.2,6.7,1.7,3.7,0,0
2006-02-27,1127,0,0,0,0,0,0,0,3.2,6.7,1.7,3.7,0,0
2006-02-28,574,0,0,0,0,0,0,0,3.2,6.7,1.7,3.7,0,0
2006-03-01,653,0,0,0,0,0,0,0,3.2,6.7,1.7,3.7,0,0
2006-03-02,555,0,0,0,0,0,0,0,3.2,6.7,1.7,3.7,0,0
2006-03-03,853,0,0,0,0,0,0,0,3.2,6.7,1.7,3.7,0,0
2006-03-04,1611,0,0,0,0,0,0,0,3.2,6.7,1.7,3.7,0,0
2006-03-05,1878,0,0,0,0,0,0,0,3.2,6.7,1.7,3.7,0,0
2006-03-06,759,0,0,0,0,0,0,0,3.2,6.7,1.7,3.7,0,0
2006-03-07,546,0,0,0,0,0,0,0,3.2,6.7,1.7,3.7,0,0
2006-03-08,703,0,0,0,0,0,0,0,3.2,6.7,1.7,3.7,0,0
2006-03-09,657,0,0,0,0,0,0,0,3.2,6.7,1.7,3.7,0,0
2006-03-10,852,0,0,0,0,0,0,0,3.2,6.7,1.7,3.7,0,0
2006-03-11,1611,0,0,0,0,0,0,0,3.2,6.7,1.7,3.7,0,0
2006-03-12,1950,0,0,0,0,0,0,0,3.2,6.7,1.7,3.7,0,0
2006-03-13,838,0,0,0,0,0,0,0,3.2,6.7,1.7,3.7,0,0
2006-03-14,581,0,0,0,0,0,0,0,3.2,6.7,1.7,3.7,0,0
2006-03-15,694,0,0,0,0,0,0,0,3.2,6.7,1.7,3.7,0,0
2006-03-16,610,0,0,0,0,0,0,0,3.2,6.7,1.7,3.7,0,0
2006-03-17,869,0,0,0,0,0,0,0,3.2,6.7,1.7,3.7,0,0
2006-03-18,1425,0,0,0,0,0,0,0,3.2,6.7,1.7,3.7,0,0
2006-03-19,1941,0,0,0,0,0,0,0,3.2,6.7,1.7,3.7,0,0
2006-03-20,809,0,0,0,0,0,0,0,3.2,6.7,1.7,3.7,0,0
2006-03-21,607,0,0,0,0,0,0,0,3.2,6.7,1.7,3.7,0,0
2006-03-22,727,0,0,0,0,0,0,0,3.2,6.7,1.7,3.7,0,0
2006-03-23,563,0,0,0,0,0,0,0,3.2,6.7,1.7,3.7,0,0
2006-03-24,914,0,0,0,0,0,0,0,3.2,6.7,1.7,3.7,0,0
2006-03-25,1997,0,0,1,0,0,0,0,3.2,6.7,1.7,3.7,0,0
2006-03-26,2293,0,0,1,0,0,0,0,3.2,6.7,1.7,3.7,0,0
2006-03-27,766,0,0,0,0,0,0,0,3.2,6.7,1.7,3.7,0,0
2006-03-28,695,0,0,0,0,0,0,0,3.2,6.7,1.7,3.7,0,0
2006-03-29,640,0,0,0,0,0,0,0,3.2,6.7,1.7,3.7,0,0
2006-03-30,719,0,0,0,0,0,0,0,3.2,6.7,1.7,3.7,0,0
2006-03-31,750,0,0,0,0,0,0,0,3.2,6.7,1.7,3.7,0,0
2006-04-01,1374,0,0,1,0,0,0,0,3.2,6.7,1.7,3.7,0,0
2006-04-02,1583,0,0,0,0,0,0,0,3.2,6.7,1.7,3.7,0,0
2006-04-03,1350,0,1,0,0,0,0,0,3.2,6.7,1.7,3.7,0,0
2006-04-04,1183,0,1,0,0,0,0,0,3.2,6.7,1.7,3.7,0,0
2006-04-05,1237,0,1,0,0,0,0,0,3.2,6.7,1.7,3.7,0,0
2006-04-06,1104,0,1,0,0,0,0,0,3.2,6.7,1.7,3.7,0,0
2006-04-07,1072,0,1,0,0,0,0,0,3.2,6.7,1.7,3.7,0,0
2006-04-08,1274,0,1,1,0,0,0,0,3.2,6.7,1.7,3.7,0,0
2006-04-09,1647,0,1,0,0,0,0,0,3.2,6.7,1.7,3.7,0,0
2006-04-10,1739,0,3,0,0,0,0,0,3.2,6.7,1.7,3.7,0,0
2006-04-11,1641,0,3,0,0,0,0,0,3.2,6.7,1.7,3.7,0,0
2006-04-12,2264,0,3,0,0,0,0,0,3.2,6.7,1.7,3.7,0,0
2006-04-13,1742,0,3,0,0,0,0,0,3.2,6.7,1.7,3.7,0,0
2006-04-14,1535,3,3,0,0,0,0,0,3.2,6.7,1.7,3.7,0,0
2006-04-15,1189,0,3,0,0,0,0,0,3.2,6.7,1.7,3.7,0,0
2006-04-16,842,0,3,0,0,0,0,0,3.2,6.7,1.7,3.7,0,0
2006-04-17,1484,3,3,0,0,0,0,0,3.2,6.7,1.7,3.7,0,0
2006-04-18,1768,0,3,0,0,0,0,0,3.2,6.7,1.7,3.7,0,0
2006-04-19,1410,0,2,0,0,0,0,0,3.2,6.7,1.7,3.7,0,0
2006-04-20,1363,0,2,0,0,0,0,0,3.2,6.7,1.7,3.7,0,0
2006-04-21,1116,0,2,0,0,0,0,0,3.2,6.7,1.7,3.7,0,0
2006-04-22,1381,0,2,0,0,0,0,0,3.2,6.7,1.7,3.7,0,0
2006-04-23,1873,0,0,0,0,0,0,0,3.2,6.7,1.7,3.7,0,0
2006-04-24,658,0,0,0,0,0,0,0,3.2,6.7,1.7,3.7,0,0
2006-04-25,555,0,0,0,0,0,0,0,3.2,6.7,1.7,3.7,0,0
2006-04-26,609,0,0,0,0,0,0,0,3.2,6.7,1.7,3.7,0,0
2006-04-27,640,0,0,0,0,0,0,0,3.2,6.7,1.7,3.7,0,0
2006-04-28,655,0,0,0,0,0,0,0,3.2,6.7,1.7,3.7,0,0
2006-04-29,1121,0,0,0,0,0,0,0,3.2,6.7,1.7,3.7,0,0
2006-04-30,1745,0,0,0,0,0,0,0,3.2,6.7,1.7,3.7,0,0
2006-05-01,1186,3,0,0,0,0,0,0,3.2,6.7,1.7,3.7,0,0
2006-05-02,518,0,0,0,0,0,0,0,3.2,6.7,1.7,3.7,0,0
2006-05-03,703,0,0,0,0,0,0,0,3.2,6.7,1.7,3.7,0,0
2006-05-04,658,0,0,0,0,0,0,0,3.2,6.7,1.7,3.7,0,0
2006-05-05,834,0,0,0,0,0,0,0,3.2,6.7,1.7,3.7,0,0
2006-05-06,1275,0,0,0,0,0,0,0,3.2,6.7,1.7,3.7,0,0
2006-05-07,1436,0,0,0,0,0,0,0,3.2,6.7,1.7,3.7,0,0
2006-05-08,679,0,0,0,1,1,0,0,3.2,6.7,1.7,3.7,0,0
2006-05-09,554,0,0,0,1,1,0,0,3.2,6.7,1.7,3.7,0,0
2006-05-10,673,0,0,0,1,1,0,0,3.2,6.7,1.7,3.7,0,0
2006-05-11,578,0,0,0,1,1,0,0,3.2,6.7,1.7,3.7,0,0
2006-05-12,654,0,0,0,1,1,0,0,3.2,6.7,1.7,3.7,0,0
2006-05-13,737,0,0,0,1,1,0,0,3.2,6.7,1.7,3.7,0,0
2006-05-14,814,0,0,0,1,1,0,0,3.2,6.7,1.7,3.7,0,0
2006-05-15,490,0,0,0,0,0,0,0,3.2,6.7,1.7,3.7,0,0
2006-05-16,509,0,0,0,0,0,0,0,3.2,6.7,1.7,3.7,0,0
2006-05-17,529,0,0,0,0,0,0,0,3.2,6.7,1.7,3.7,0,0
2006-05-18,591,0,0,0,0,0,0,0,3.2,6.7,1.7,3.7,0,0
2006-05-19,773,0,0,0,0,0,0,0,3.2,6.7,1.7,3.7,0,0
2006-05-20,1449,0,0,1,0,0,0,0,3.2,6.7,1.7,3.7,0,0
2006-05-21,2077,0,0,0,0,0,0,0,3.2,6.7,1.7,3.7,0,0
2006-05-22,612,0,0,0,0,0,0,0,3.2,6.7,1.7,3.7,0,0
2006-05-23,613,0,0,0,0,0,0,0,3.2,6.7,1.7,3.7,0,0
2006-05-24,645,0,0,0,0,0,0,0,3.2,6.7,1.7,3.7,0,0
2006-05-25,2112,3,0,0,0,0,0,0,3.2,6.7,1.7,3.7,0,0
2006-05-26,1675,0,1,0,0,0,0,0,3.2,6.7,1.7,3.7,0,0
2006-05-27,1777,0,0,0,0,0,0,0,3.2,6.7,1.7,3.7,0,0
2006-05-28,1841,0,0,0,0,0,0,0,3.2,6.7,1.7,3.7,0,0
2006-05-29,759,0,0,0,0,0,0,0,3.2,6.7,1.7,3.7,0,0
2006-05-30,622,0,0,0,0,0,0,0,3.2,6.7,1.7,3.7,0,0
2006-05-31,691,0,0,0,0,0,0,0,3.2,6.7,1.7,3.7,0,0
2006-06-01,641,0,0,0,0,0,0,0,3.2,6.7,1.7,3.7,0,0
2006-06-02,703,0,0,0,0,0,0,0,3.2,6.7,1.7,3.7,0,0
2006-06-03,1143,0,0,0,0,0,0,0,3.2,6.7,1.7,3.7,0,0
2006-06-04,1750,0,0,0,0,0,0,0,3.2,6.7,1.7,3.7,0,0
2006-06-05,1720,3,0,0,0,0,0,0,3.2,6.7,1.7,3.7,0,0
2006-06-06,1031,0,3,0,0,0,0,0,3.2,6.7,1.7,3.7,0,0
2006-06-07,557,0,0,0,0,0,0,0,3.2,6.7,1.7,3.7,0,0
2006-06-08,595,0,0,0,0,0,0,0,3.2,6.7,1.7,3.7,0,0
2006-06-09,611,0,0,0,0,0,0,0,3.2,6.7,1.7,3.7,0,0
2006-06-10,1881,0,0,1,0,0,0,0,3.2,6.7,1.7,3.7,0,0
2006-06-11,2635,0,0,1,0,0,0,0,3.2,6.7,1.7,3.7,0,0
2006-06-12,1381,0,0,0,0,0,0,0,3.2,6.7,1.7,3.7,0,0
2006-06-13,1935,0,0,0,0,0,0,0,3.2,6.7,1.7,3.7,0,0
2006-06-14,782,0,0,0,0,0,0,0,3.2,6.7,1.7,3.7,0,0
2006-06-15,1175,2,0,0,0,0,0,0,3.2,6.7,1.7,3.7,0,0
2006-06-16,1059,0,0,0,0,0,0,0,3.2,6.7,1.7,3.7,0,0
2006-06-17,1326,0,0,0,0,0,0,0,3.2,6.7,1.7,3.7,0,0
2006-06-18,1927,0,0,0,0,0,0,0,3.2,6.7,1.7,3.7,0,0
2006-06-19,913,0,0,0,0,0,0,0,3.2,6.7,1.7,3.7,0,0
2006-06-20,676,0,0,0,0,0,0,0,3.2,6.7,1.7,3.7,0,0
2006-06-21,705,0,0,0,0,0,0,0,3.2,6.7,1.7,3.7,0,0
2006-06-22,785,0,0,0,0,0,0,0,3.2,6.7,1.7,3.7,0,0
2006-06-23,661,0,0,0,0,0,0,0,3.2,6.7,1.7,3.7,0,0
2006-06-24,1092,0,0,0,0,0,0,0,3.2,6.7,1.7,3.7,0,0
2006-06-25,2535,0,0,0,0,0,0,0,3.2,6.7,1.7,3.7,0,0
2006-06-26,1022,0,2,1,0,0,0,0,3.2,6.7,1.7,3.7,0,0
2006-06-27,702,0,2,0,0,0,0,0,3.2,6.7,1.7,3.7,0,0
2006-06-28,842,0,2,0,0,0,0,0,3.2,6.7,1.7,3.7,0,0
2006-06-29,888,0,2,0,0,0,0,0,3.2,6.7,1.7,3.7,0,0
2006-06-30,628,0,2,0,0,0,0,0,3.2,6.7,1.7,3.7,0,0
2006-07-01,2104,0,2,0,0,0,0,0,3.2,6.7,1.7,3.7,0,0
2006-07-02,3609,0,2,1,0,0,0,0,3.2,6.7,1.7,3.7,0,0
2006-07-03,1874,0,2,0,0,0,0,0,3.2,6.7,1.7,3.7,0,0
2006-07-04,2016,0,2,0,0,0,0,0,3.2,6.7,1.7,3.7,0,0
2006-07-05,2778,0,2,0,0,0,0,0,3.2,6.7,1.7,3.7,0,0
2006-07-06,1231,0,2,0,0,0,0,0,3.2,6.7,1.7,3.7,0,0
2006-07-07,939,0,2,1,0,0,0,0,3.2,6.7,1.7,3.7,0,0
2006-07-08,1452,0,2,0,0,0,0,0,3.2,6.7,1.7,3.7,0,0
2006-07-09,2243,0,2,0,0,0,0,0,3.2,6.7,1.7,3.7,0,0
2006-07-10,923,0,2,0,0,0,0,0,3.2,6.7,1.7,3.7,0,0
2006-07-11,1245,0,2,0,0,0,0,0,3.2,6.7,1.7,3.7,0,0
2006-07-12,1294,0,2,0,0,0,0,0,3.2,6.7,1.7,3.7,0,0
2006-07-13,1711,0,2,0,0,0,0,0,3.2,6.7,1.7,3.7,0,0
2006-07-14,1206,0,2,0,0,0,0,0,3.2,6.7,1.7,3.7,0,0
2006-07-15,2103,0,2,0,0,0,0,0,3.2,6.7,1.7,3.7,0,0
2006-07-16,3213,0,2,0,0,0,0,0,3.2,6.7,1.7,3.7,0,0
2006-07-17,2041,0,2,0,0,0,0,0,3.2,6.7,1.7,3.7,0,0
2006-07-18,2514,0,2,0,0,0,0,0,3.2,6.7,1.7,3.7,0,0
2006-07-19,3169,0,2,0,0,0,0,0,3.2,6.7,1.7,3.7,0,0
2006-07-20,2903,0,3,0,0,0,0,0,3.2,6.7,1.7,3.7,0,0
2006-07-21,2659,0,3,0,0,0,0,0,3.2,6.7,1.7,3.7,0,0
2006-07-22,2855,0,3,0,0,0,0,0,3.2,6.7,1.7,3.7,0,0
2006-07-23,2787,0,3,0,0,0,0,0,3.2,6.7,1.7,3.7,0,0
2006-07-24,1842,0,3,0,0,0,0,0,3.2,6.7,1.7,3.7,0,0
2006-07-25,2864,0,3,0,0,0,0,0,3.2,6.7,1.7,3.7,0,0
2006-07-26,3311,0,3,0,0,0,0,0,3.2,6.7,1.7,3.7,0,0
2006-07-27,2492,0,3,1,0,0,0,0,3.2,6.7,1.7,3.7,0,0
2006-07-28,1525,0,3,0,0,0,0,0,3.2,6.7,1.7,3.7,0,0
2006-07-29,1835,0,3,0,0,0,0,0,3.2,6.7,1.7,3.7,0,0
2006-07-30,2462,0,3,0,0,0,0,0,3.2,6.7,1.7,3.7,0,0
2006-07-31,1428,0,3,0,0,0,0,0,3.2,6.7,1.7,3.7,0,0
2006-08-01,1583,0,3,0,0,0,0,0,3.2,6.7,1.7,3.7,0,0
2006-08-02,2058,0,3,0,0,0,0,0,3.2,6.7,1.7,3.7,0,0
2006-08-03,1852,0,3,0,0,0,0,0,3.2,6.7,1.7,3.7,0,0
2006-08-04,1547,0,3,0,0,0,0,0,3.2,6.7,1.7,3.7,0,0
2006-08-05,1547,0,3,1,0,0,0,0,3.2,6.7,1.7,3.7,0,0
2006-08-06,1711,0,3,0,0,0,0,0,3.2,6.7,1.7,3.7,0,0
2006-08-07,1374,0,3,0,0,0,0,0,3.2,6.7,1.7,3.7,0,0
2006-08-08,1350,0,3,0,0,0,0,0,3.2,6.7,1.7,3.7,0,0
2006-08-09,1447,0,1,0,0,0,0,0,3.2,6.7,1.7,3.7,0,0
2006-08-10,1305,0,1,0,0,0,0,0,3.2,6.7,1.7,3.7,0,0
2006-08-11,1365,0,1,0,0,0,0,0,3.2,6.7,1.7,3.7,0,0
2006-08-12,1259,0,1,0,0,0,0,0,3.2,6.7,1.7,3.7,0,0
2006-08-13,1550,0,1,1,0,0,0,0,3.2,6.7,1.7,3.7,0,0
2006-08-14,1396,0,1,0,0,0,0,0,3.2,6.7,1.7,3.7,0,0
2006-08-15,1439,0,1,0,0,0,0,0,3.2,6.7,1.7,3.7,0,0
2006-08-16,1448,0,1,0,0,0,0,0,3.2,6.7,1.7,3.7,0,0
2006-08-17,1308,0,1,0,0,0,0,0,3.2,6.7,1.7,3.7,0,0
2006-08-18,1264,0,1,0,0,0,0,0,3.2,6.7,1.7,3.7,0,0
2006-08-19,1274,0,1,1,0,0,0,0,3.2,6.7,1.7,3.7,0,0
2006-08-20,1897,0,1,0,0,0,0,0,3.2,6.7,1.7,3.7,0,0
2006-08-21,1102,0,1,0,0,0,0,0,3.2,6.7,1.7,3.7,0,0
2006-08-22,1637,0,1,0,0,0,0,0,3.2,6.7,1.7,3.7,0,0
2006-08-23,1352,0,1,0,0,0,0,0,3.2,6.7,1.7,3.7,0,0
2006-08-24,1407,0,1,0,0,0,0,0,3.2,6.7,1.7,3.7,0,0
2006-08-25,1289,0,1,1,0,0,0,0,3.2,6.7,1.7,3.7,0,0
2006-08-26,1558,0,1,0,0,0,0,0,3.2,6.7,1.7,3.7,0,0
2006-08-27,1921,0,1,0,0,0,0,0,3.2,6.7,1.7,3.7,0,0
2006-08-28,1657,0,1,0,0,0,0,0,3.2,6.7,1.7,3.7,0,0
2006-08-29,1658,0,1,0,0,0,0,0,3.2,6.7,1.7,3.7,0,0
2006-08-30,1603,0,1,1,0,0,0,0,3.2,6.7,1.7,3.7,0,0
2006-08-31,514,0,0,0,0,0,0,0,3.2,6.7,1.7,3.7,0,0
2006-09-01,550,0,0,0,0,0,0,0,3.2,6.7,1.7,3.7,0,0
2006-09-02,842,0,0,0,0,0,0,0,3.2,6.7,1.7,3.7,0,0
2006-09-03,1646,0,0,0,0,0,0,0,3.2,6.7,1.7,3.7,0,0
2006-09-04,656,0,0,0,0,0,0,0,3.2,6.7,1.7,3.7,0,0
2006-09-05,536,0,0,0,0,0,0,0,3.2,6.7,1.7,3.7,0,0
2006-09-06,708,0,0,0,0,0,0,0,3.2,6.7,1.7,3.7,0,0
2006-09-07,568,0,0,0,0,0,0,0,3.2,6.7,1.7,3.7,0,0
2006-09-08,584,0,0,0,0,0,0,0,3.2,6.7,1.7,3.7,0,0
2006-09-09,1191,0,0,1,0,0,0,0,3.2,6.7,1.7,3.7,0,0
2006-09-10,1210,0,0,0,0,0,0,0,3.2,6.7,1.7,3.7,0,0
2006-09-11,817,0,0,0,0,0,0,0,3.2,6.7,1.7,3.7,0,0
2006-09-12,705,0,0,0,0,0,0,0,3.2,6.7,1.7,3.7,0,0
2006-09-13,845,0,0,0,0,0,0,0,3.2,6.7,1.7,3.7,0,0
2006-09-14,639,0,0,0,0,0,0,0,3.2,6.7,1.7,3.7,0,0
2006-09-15,798,0,0,0,0,0,0,0,3.2,6.7,1.7,3.7,0,0
2006-09-16,1023,0,0,0,0,0,0,0,3.2,6.7,1.7,3.7,0,0
2006-09-17,1568,0,0,0,0,0,0,0,3.2,6.7,1.7,3.7,0,0
2006-09-18,728,0,0,0,0,0,0,0,3.2,6.7,1.7,3.7,0,0
2006-09-19,543,0,0,0,0,0,0,0,3.2,6.7,1.7,3.7,0,0
2006-09-20,654,0,0,0,0,0,0,0,3.2,6.7,1.7,3.7,0,0
2006-09-21,689,0,0,0,0,0,0,0,3.2,6.7,1.7,3.7,0,0
2006-09-22,760,0,0,0,0,0,0,0,3.2,6.7,1.7,3.7,0,0
2006-09-23,1066,0,0,0,0,0,0,0,3.2,6.7,1.7,3.7,0,0
2006-09-24,1512,0,0,0,0,0,0,0,3.2,6.7,1.7,3.7,0,0
2006-09-25,685,0,0,0,0,0,0,0,3.2,6.7,1.7,3.7,0,0
2006-09-26,621,0,0,0,0,0,0,0,3.2,6.7,1.7,3.7,0,0
2006-09-27,609,0,0,0,0,0,0,0,3.2,6.7,1.7,3.7,0,0
2006-09-28,669,0,0,0,0,0,0,0,3.2,6.7,1.7,3.7,0,0
2006-09-29,658,0,0,0,0,0,0,0,3.2,6.7,1.7,3.7,0,0
2006-09-30,1006,0,0,0,0,0,0,0,3.2,6.7,1.7,3.7,0,0
2006-10-01,1774,0,0,0,0,0,0,0,3.2,6.7,1.7,3.7,0,0
2006-10-02,2029,0,3,0,0,0,0,0,3.2,6.7,1.7,3.7,0,0
2006-10-03,2107,3,2,0,0,0,0,0,3.2,6.7,1.7,3.7,0,0
2006-10-04,885,0,2,0,0,0,0,0,3.2,6.7,1.7,3.7,0,0
2006-10-05,969,0,2,0,0,0,0,0,3.2,6.7,1.7,3.7,0,0
2006-10-06,972,0,2,0,0,0,0,0,3.2,6.7,1.7,3.7,0,0
2006-10-07,1059,0,2,0,0,0,0,0,3.2,6.7,1.7,3.7,0,0
2006-10-08,1496,0,2,0,0,0,0,0,3.2,6.7,1.7,3.7,0,0
2006-10-09,924,0,2,0,0,0,0,0,3.2,6.7,1.7,3.7,0,0
2006-10-10,961,0,2,0,0,0,0,0,3.2,6.7,1.7,3.7,0,0
2006-10-11,1164,0,2,0,0,0,0,0,3.2,6.7,1.7,3.7,0,0
2006-10-12,1180,0,2,0,0,0,0,0,3.2,6.7,1.7,3.7,0,0
2006-10-13,1038,0,2,0,0,0,0,0,3.2,6.7,1.7,3.7,0,0
2006-10-14,1137,0,2,0,0,0,0,0,3.2,6.7,1.7,3.7,0,0
2006-10-15,1516,0,0,0,0,0,0,0,3.2,6.7,1.7,3.7,0,0
2006-10-16,1063,0,1,0,0,0,0,0,3.2,6.7,1.7,3.7,0,0
2006-10-17,895,0,1,0,0,0,0,0,3.2,6.7,1.7,3.7,0,0
2006-10-18,1238,0,1,0,0,0,0,0,3.2,6.7,1.7,3.7,0,0
2006-10-19,1197,0,1,0,0,0,0,0,3.2,6.7,1.7,3.7,0,0
2006-10-20,1133,0,1,0,0,0,0,0,3.2,6.7,1.7,3.7,0,0
2006-10-21,1355,0,1,0,0,0,0,0,3.2,6.7,1.7,3.7,0,0
2006-10-22,1833,0,1,0,0,0,0,0,3.2,6.7,1.7,3.7,0,0
2006-10-23,1472,0,1,0,0,0,0,0,3.2,6.7,1.7,3.7,0,0
2006-10-24,1455,0,1,0,0,0,0,0,3.2,6.7,1.7,3.7,0,0
2006-10-25,1418,0,1,0,0,0,0,0,3.2,6.7,1.7,3.7,0,0
2006-10-26,1281,0,1,0,0,0,0,0,3.2,6.7,1.7,3.7,0,0
2006-10-27,1373,0,1,0,0,0,0,0,3.2,6.7,1.7,3.7,0,0
2006-10-28,1310,0,1,1,0,0,0,0,3.2,6.7,1.7,3.7,0,0
2006-10-29,1583,0,0,1,0,0,0,0,3.2,6.7,1.7,3.7,0,0
2006-10-30,745,0,0,0,0,0,0,0,3.2,6.7,1.7,3.7,0,0
2006-10-31,578,0,0,0,0,0,0,0,3.2,6.7,1.7,3.7,0,0
2006-11-01,1104,2,0,0,0,0,0,0,3.2,6.7,1.7,3.7,0,0
2006-11-02,571,0,0,0,0,0,0,0,3.2,6.7,1.7,3.7,0,0
2006-11-03,658,0,0,0,0,0,0,0,3.2,6.7,1.7,3.7,0,0
2006-11-04,1112,0,0,0,0,0,0,0,3.2,6.7,1.7,3.7,0,0
2006-11-05,1389,0,0,0,0,0,0,0,3.2,6.7,1.7,3.7,0,0
2006-11-06,669,0,0,0,0,0,0,0,3.2,6.7,1.7,3.7,0,0
2006-11-07,520,0,0,0,0,0,0,0,3.2,6.7,1.7,3.7,0,0
2006-11-08,561,0,0,0,0,0,0,0,3.2,6.7,1.7,3.7,0,0
2006-11-09,534,0,0,0,0,0,0,0,3.2,6.7,1.7,3.7,0,0
2006-11-10,547,0,0,0,0,0,0,0,3.2,6.7,1.7,3.7,0,0
2006-11-11,1513,0,0,1,0,0,0,0,3.2,6.7,1.7,3.7,0,0
2006-11-12,1706,0,0,0,0,0,0,0,3.2,6.7,1.7,3.7,0,0
2006-11-13,716,0,0,0,0,0,0,0,3.2,6.7,1.7,3.7,0,0
2006-11-14,569,0,0,0,0,0,0,0,3.2,6.7,1.7,3.7,0,0
2006-11-15,611,0,0,0,0,0,0,0,3.2,6.7,1.7,3.7,0,0
2006-11-16,522,0,0,0,0,0,0,0,3.2,6.7,1.7,3.7,0,0
2006-11-17,669,0,0,0,0,0,0,0,3.2,6.7,1.7,3.7,0,0
2006-11-18,1349,0,0,0,0,0,0,0,3.2,6.7,1.7,3.7,0,0
2006-11-19,1717,0,0,0,0,0,0,0,3.2,6.7,1.7,3.7,0,0
2006-11-20,653,0,0,0,0,0,0,0,3.2,6.7,1.7,3.7,0,0
2006-11-21,560,0,0,0,0,0,0,0,3.2,6.7,1.7,3.7,0,0
2006-11-22,567,0,0,0,0,0,0,0,3.2,6.7,1.7,3.7,0,0
2006-11-23,568,0,0,0,0,0,0,0,3.2,6.7,1.7,3.7,0,0
2006-11-24,881,0,0,0,0,0,0,0,3.2,6.7,1.7,3.7,0,0
2006-11-25,1136,0,0,0,0,0,0,0,3.2,6.7,1.7,3.7,0,0
2006-11-26,1744,0,0,0,0,0,0,0,3.2,6.7,1.7,3.7,0,0
2006-11-27,701,0,0,0,0,0,0,0,3.2,6.7,1.7,3.7,0,0
2006-11-28,552,0,0,0,0,0,0,0,3.2,6.7,1.7,3.7,0,0
2006-11-29,527,0,0,0,0,0,0,0,3.2,6.7,1.7,3.7,0,0
2006-11-30,500,0,0,0,0,0,0,0,3.2,6.7,1.7,3.7,0,0
2006-12-01,575,0,0,0,0,0,0,0,3.2,6.7,1.7,3.7,0,0
2006-12-02,904,0,0,0,0,0,0,0,3.2,6.7,1.7,3.7,0,0
2006-12-03,1104,0,0,0,0,0,0,0,3.2,6.7,1.7,3.7,0,0
2006-12-04,581,0,0,0,0,0,0,0,3.2,6.7,1.7,3.7,0,0
2006-12-05,541,0,0,0,0,0,0,0,3.2,6.7,1.7,3.7,0,0
2006-12-06,544,0,0,0,0,0,0,0,3.2,6.7,1.7,3.7,0,0
2006-12-07,482,0,0,0,0,0,0,0,3.2,6.7,1.7,3.7,0,0
2006-12-08,754,0,0,0,0,0,0,0,3.2,6.7,1.7,3.7,0,0
2006-12-09,1162,0,0,0,0,0,0,0,3.2,6.7,1.7,3.7,0,0
2006-12-10,1205,0,0,0,0,0,0,0,3.2,6.7,1.7,3.7,0,0
2006-12-11,640,0,0,0,0,0,0,0,3.2,6.7,1.7,3.7,0,0
2006-12-12,646,0,0,0,0,0,0,0,3.2,6.7,1.7,3.7,0,0
2006-12-13,481,0,0,0,0,0,0,0,3.2,6.7,1.7,3.7,0,0
2006-12-14,490,0,0,0,0,0,0,0,3.2,6.7,1.7,3.7,0,0
2006-12-15,633,0,0,0,0,0,0,0,3.2,6.7,1.7,3.7,0,0
2006-12-16,917,0,0,0,0,0,0,0,3.2,6.7,1.7,3.7,0,0
2006-12-17,1263,0,0,0,0,0,0,0,3.2,6.7,1.7,3.7,0,0
2006-12-18,594,0,0,0,0,0,0,0,3.2,6.7,1.7,3.7,0,0
2006-12-19,416,0,0,0,0,0,0,0,3.2,6.7,1.7,3.7,0,0
2006-12-20,553,0,0,0,0,0,0,0,3.2,6.7,1.7,3.7,0,0
2006-12-21,577,0,2,0,0,0,0,0,3.2,6.7,1.7,3.7,0,0
2006-12-22,649,0,2,0,0,0,0,0,3.2,6.7,1.7,3.7,0,0
2006-12-23,780,0,3,0,0,0,0,0,3.2,6.7,1.7,3.7,0,0
2006-12-24,383,0,3,0,0,0,0,0,3.2,6.7,1.7,3.7,0,0
2006-12-26,666,3,3,0,0,0,0,0,3.2,6.7,1.7,3.7,0,0
2006-12-27,1410,0,3,0,0,0,0,0,3.2,6.7,1.7,3.7,0,0
2006-12-28,2000,0,3,0,0,0,0,0,3.2,6.7,1.7,3.7,0,0
2006-12-29,1798,0,3,0,0,0,0,0,3.2,6.7,1.7,3.7,0,0
2006-12-30,1720,0,3,0,0,0,0,0,3.2,6.7,1.7,3.7,0,0
2006-12-31,994,0,3,0,0,0,0,0,3.2,6.7,1.7,3.7,0,0
2007-01-01,642,3,3,0,0,0,0,0,3.2,6.7,1.7,3.7,0,0
2007-01-02,1644,0,3,0,0,0,0,0,3.2,6.7,1.7,3.7,0,0
2007-01-03,2285,0,3,0,0,0,0,0,3.2,6.7,1.7,3.7,0,0
2007-01-04,2257,0,3,0,0,0,0,0,3.2,6.7,1.7,3.7,0,0
2007-01-05,1881,0,3,0,0,0,0,0,3.2,6.7,1.7,3.7,0,0
2007-01-06,1856,0,1,0,0,0,0,0,3.2,6.7,1.7,3.7,0,0
2007-01-07,2334,0,0,0,0,0,0,0,3.2,6.7,1.7,3.7,0,0
2007-01-08,729,0,0,0,0,0,0,0,3.2,6.7,1.7,3.7,0,0
2007-01-09,637,0,0,0,0,0,0,0,3.2,6.7,1.7,3.7,0,0
2007-01-10,711,0,0,0,0,0,0,0,3.2,6.7,1.7,3.7,0,0
2007-01-11,626,0,0,0,0,0,0,0,3.2,6.7,1.7,3.7,0,0
2007-01-12,904,0,0,0,0,0,0,0,3.2,6.7,1.7,3.7,0,0
2007-01-13,1907,0,0,0,0,0,0,0,3.2,6.7,1.7,3.7,0,0
2007-01-14,2465,0,0,0,0,0,0,0,3.2,6.7,1.7,3.7,0,0
2007-01-15,739,0,0,0,0,0,0,0,3.2,6.7,1.7,3.7,0,0
2007-01-16,650,0,0,0,0,0,0,0,3.2,6.7,1.7,3.7,0,0
2007-01-17,725,0,0,0,0,0,0,0,3.2,6.7,1.7,3.7,0,0
2007-01-18,413,0,0,0,0,0,0,0,3.2,6.7,1.7,3.7,0,0
2007-01-19,770,0,0,0,0,0,0,0,3.2,6.7,1.7,3.7,0,0
2007-01-20,1702,0,0,0,0,0,0,0,3.2,6.7,1.7,3.7,0,0
2007-01-21,2391,0,0,0,0,0,0,0,3.2,6.7,1.7,3.7,0,0
2007-01-22,1233,0,0,0,0,0,0,0,3.2,6.7,1.7,3.7,0,0
2007-01-23,542,0,0,0,0,0,0,0,3.2,6.7,1.7,3.7,0,0
2007-01-24,597,0,0,0,0,0,0,0,3.2,6.7,1.7,3.7,0,0
2007-01-25,526,0,0,0,0,0,0,0,3.2,6.7,1.7,3.7,0,0
2007-01-26,561,0,0,0,0,0,0,0,3.2,6.7,1.7,3.7,0,0
2007-01-27,1208,0,0,0,0,0,0,0,3.2,6.7,1.7,3.7,0,0
2007-01-28,1875,0,0,0,0,0,0,0,3.2,6.7,1.7,3.7,0,0
2007-01-29,809,0,0,0,0,0,0,0,3.2,6.7,1.7,3.7,0,0
2007-01-30,669,0,0,0,0,0,0,0,3.2,6.7,1.7,3.7,0,0
2007-01-31,903,0,0,0,0,0,0,0,3.2,6.7,1.7,3.7,0,0
2007-02-01,1435,0,1,0,0,0,0,0,3.2,6.7,1.7,3.7,0,0
2007-02-02,1434,0,1,0,0,0,0,0,3.2,6.7,1.7,3.7,0,0
2007-02-03,1713,0,0,0,0,0,0,0,3.2,6.7,1.7,3.7,0,0
2007-02-04,1831,0,0,0,0,0,0,0,3.2,6.7,1.7,3.7,0,0
2007-02-05,760,0,0,0,0,0,0,0,3.2,6.7,1.7,3.7,0,0
2007-02-06,592,0,0,0,0,0,0,0,3.2,6.7,1.7,3.7,0,0
2007-02-07,736,0,0,0,0,0,0,0,3.2,6.7,1.7,3.7,0,0
2007-02-08,406,0,0,0,0,0,0,0,3.2,6.7,1.7,3.7,0,0
2007-02-09,635,0,0,1,0,0,0,0,3.2,6.7,1.7,3.7,0,0
2007-02-10,2518,0,0,1,0,0,0,0,3.2,6.7,1.7,3.7,0,0
2007-02-11,2240,0,0,1,0,0,0,0,3.2,6.7,1.7,3.7,0,0
2007-02-12,1086,0,0,0,0,0,0,0,3.2,6.7,1.7,3.7,0,0
2007-02-13,685,0,0,0,0,0,0,0,3.2,6.7,1.7,3.7,0,0
2007-02-14,692,0,0,0,0,0,0,0,3.2,6.7,1.7,3.7,0,0
2007-02-15,517,0,0,0,0,0,0,0,3.2,6.7,1.7,3.7,0,0
2007-02-16,904,0,0,1,0,0,0,0,3.2,6.7,1.7,3.7,0,0
2007-02-17,1177,0,0,0,0,0,0,0,3.2,6.7,1.7,3.7,0,0
2007-02-18,1559,0,0,0,0,0,0,0,3.2,6.7,1.7,3.7,0,0
2007-02-19,1149,0,0,0,0,0,0,0,3.2,6.7,1.7,3.7,0,0
2007-02-20,783,0,0,0,0,0,0,0,3.2,6.7,1.7,3.7,0,0
2007-02-21,704,0,0,0,0,0,0,0,3.2,6.7,1.7,3.7,0,0
2007-02-22,636,0,0,0,0,0,0,0,3.2,6.7,1.7,3.7,0,0
2007-02-23,840,0,0,0,0,0,0,0,3.2,6.7,1.7,3.7,0,0
2007-02-24,1420,0,0,0,0,0,0,0,3.2,6.7,1.7,3.7,0,0
2007-02-25,2106,0,0,1,0,0,0,0,3.2,6.7,1.7,3.7,0,0
2007-02-26,772,0,0,0,0,0,0,0,3.2,6.7,1.7,3.7,0,0
2007-02-27,1130,0,0,0,0,0,0,0,3.2,6.7,1.7,3.7,0,0
2007-02-28,817,0,0,0,0,0,0,0,3.2,6.7,1.7,3.7,0,0
2007-03-01,561,0,0,0,0,0,0,0,3.2,6.7,1.7,3.7,0,0
2007-03-02,874,0,0,0,0,0,0,0,3.2,6.7,1.7,3.7,0,0
2007-03-03,1576,0,0,0,0,0,0,0,3.2,6.7,1.7,3.7,0,0
2007-03-04,2072,0,0,0,0,0,0,0,3.2,6.7,1.7,3.7,0,0
2007-03-05,783,0,0,0,0,0,0,0,3.2,6.7,1.7,3.7,0,0
2007-03-06,657,0,0,0,0,0,0,0,3.2,6.7,1.7,3.7,0,0
2007-03-07,645,0,0,0,0,0,0,0,3.2,6.7,1.7,3.7,0,0
2007-03-08,555,0,0,0,0,0,0,0,3.2,6.7,1.7,3.7,0,0
2007-03-09,858,0,0,0,0,0,0,0,3.2,6.7,1.7,3.7,0,0
2007-03-10,1763,0,0,1,0,0,0,0,3.2,6.7,1.7,3.7,0,0
2007-03-11,1785,0,0,1,0,0,0,0,3.2,6.7,1.7,3.7,0,0
2007-03-12,661,0,0,0,0,0,0,0,3.2,6.7,1.7,3.7,0,0
2007-03-13,546,0,0,0,0,0,0,0,3.2,6.7,1.7,3.7,0,0
2007-03-14,633,0,0,0,0,0,0,0,3.2,6.7,1.7,3.7,0,0
2007-03-15,560,0,0,0,0,0,0,0,3.2,6.7,1.7,3.7,0,0
2007-03-16,727,0,0,0,0,0,0,0,3.2,6.7,1.7,3.7,0,0
2007-03-17,1445,0,0,0,0,0,0,0,3.2,6.7,1.7,3.7,0,0
2007-03-18,2443,0,0,0,0,0,0,0,3.2,6.7,1.7,3.7,0,0
2007-03-19,803,0,0,0,0,0,0,0,3.2,6.7,1.7,3.7,0,0
2007-03-20,599,0,0,0,0,0,0,0,3.2,6.7,1.7,3.7,0,0
2007-03-21,691,0,0,1,0,0,0,0,3.2,6.7,1.7,3.7,0,0
2007-03-22,704,0,0,1,0,0,0,0,3.2,6.7,1.7,3.7,0,0
2007-03-23,736,0,0,0,0,0,0,0,3.2,6.7,1.7,3.7,0,0
2007-03-24,1301,0,0,1,0,0,0,0,3.2,6.7,1.7,3.7,0,0
2007-03-25,1197,0,0,0,0,0,0,0,3.2,6.7,1.7,3.7,0,0
2007-03-26,1063,0,1,0,0,0,0,0,3.2,6.7,1.7,3.7,0,0
2007-03-27,884,0,1,0,0,0,0,0,3.2,6.7,1.7,3.7,0,0
2007-03-28,845,0,1,0,0,0,0,0,3.2,6.7,1.7,3.7,0,0
2007-03-29,960,0,1,0,0,0,0,0,3.2,6.7,1.7,3.7,0,0
2007-03-30,875,0,1,0,0,0,0,0,3.2,6.7,1.7,3.7,0,0
2007-03-31,758,0,1,1,0,0,0,0,3.2,6.7,1.7,3.7,0,0
2007-04-01,1476,0,1,1,0,0,0,0,3.2,6.7,1.7,3.7,0,0
2007-04-02,1421,0,3,0,0,0,0,0,3.2,6.7,1.7,3.7,0,0
2007-04-03,1620,0,3,0,0,0,0,0,3.2,6.7,1.7,3.7,0,0
2007-04-04,1590,0,3,0,0,0,0,0,3.2,6.7,1.7,3.7,0,0
2007-04-05,1306,0,3,0,0,0,0,0,3.2,6.7,1.7,3.7,0,0
2007-04-06,1379,3,3,0,0,0,0,0,3.2,6.7,1.7,3.7,0,0
2007-04-07,1133,0,3,0,0,0,0,0,3.2,6.7,1.7,3.7,0,0
2007-04-08,556,0,3,0,0,0,0,0,3.2,6.7,1.7,3.7,0,0
2007-04-09,1061,3,3,0,0,0,0,0,3.2,6.7,1.7,3.7,0,0
2007-04-10,1621,0,3,0,0,0,0,0,3.2,6.7,1.7,3.7,0,0
2007-04-11,1293,0,2,0,0,0,0,0,3.2,6.7,1.7,3.7,0,0
2007-04-12,1050,0,2,0,0,0,0,0,3.2,6.7,1.7,3.7,0,0
2007-04-13,942,0,2,0,0,0,0,0,3.2,6.7,1.7,3.7,0,0
2007-04-14,1823,0,2,1,0,0,0,0,3.2,6.7,1.7,3.7,0,0
2007-04-15,2057,0,0,1,0,0,0,0,3.2,6.7,1.7,3.7,0,0
2007-04-16,858,0,0,0,0,0,0,0,3.2,6.7,1.7,3.7,0,0
2007-04-17,694,0,0,0,0,0,0,0,3.2,6.7,1.7,3.7,0,0
2007-04-18,642,0,0,0,0,0,0,0,3.2,6.7,1.7,3.7,0,0
2007-04-19,502,0,0,1,0,0,0,0,3.2,6.7,1.7,3.7,0,0
2007-04-20,1178,0,0,1,0,0,0,0,3.2,6.7,1.7,3.7,0,0
2007-04-21,1656,0,0,1,0,0,0,0,3.2,6.7,1.7,3.7,0,0
2007-04-22,1857,0,0,1,0,0,0,0,3.2,6.7,1.7,3.7,0,0
2007-04-23,661,0,0,0,0,0,0,0,3.2,6.7,1.7,3.7,0,0
2007-04-24,566,0,0,0,0,0,0,0,3.2,6.7,1.7,3.7,0,0
2007-04-25,723,0,0,0,0,0,0,0,3.2,6.7,1.7,3.7,0,0
2007-04-26,767,0,0,0,0,0,0,0,3.2,6.7,1.7,3.7,0,0
2007-04-27,768,0,0,0,0,0,0,0,3.2,6.7,1.7,3.7,0,0
2007-04-28,1306,0,0,0,0,0,0,0,3.2,6.7,1.7,3.7,0,0
2007-04-29,1672,0,0,0,0,0,0,0,3.2,6.7,1.7,3.7,0,0
2007-04-30,1468,0,1,0,0,0,0,0,3.2,6.7,1.7,3.7,0,0
2007-05-01,1158,3,0,0,0,0,0,0,4.3,7.3,2.3,4.3,0,0
2007-05-02,689,0,0,0,0,0,0,0,4.3,7.3,2.3,4.3,0,0
2007-05-03,478,0,0,0,0,0,0,0,4.3,7.3,2.3,4.3,0,0
2007-05-04,568,0,0,0,0,0,0,0,4.3,7.3,2.3,4.3,0,0
2007-05-05,1463,0,0,1,0,0,0,0,4.3,7.3,2.3,4.3,0,0
2007-05-06,1570,0,0,1,0,0,0,0,4.3,7.3,2.3,4.3,0,0
2007-05-07,601,0,0,0,0,1,0,0,4.3,7.3,2.3,4.3,0,0
2007-05-08,384,0,0,0,0,1,0,0,4.3,7.3,2.3,4.3,0,0
2007-05-09,535,0,0,0,0,1,0,0,4.3,7.3,2.3,4.3,0,0
2007-05-10,410,0,0,0,0,1,0,0,4.3,7.3,2.3,4.3,0,0
2007-05-11,442,0,0,0,0,1,0,0,4.3,7.3,2.3,4.3,0,0
2007-05-12,707,0,0,0,0,1,0,0,4.3,7.3,2.3,4.3,0,0
2007-05-13,1152,0,0,0,0,0,0,0,4.3,7.3,2.3,4.3,0,0
2007-05-14,653,0,0,0,0,0,0,0,4.3,7.3,2.3,4.3,0,0
2007-05-15,561,0,0,0,0,0,0,0,4.3,7.3,2.3,4.3,0,0
2007-05-16,641,0,0,0,0,0,0,0,4.3,7.3,2.3,4.3,0,0
2007-05-17,1717,3,0,0,0,0,0,0,4.3,7.3,2.3,4.3,0,0
2007-05-18,1360,0,1,0,0,0,0,0,4.3,7.3,2.3,4.3,0,0
2007-05-19,1254,0,0,0,0,0,0,0,4.3,7.3,2.3,4.3,0,0
2007-05-20,1483,0,0,0,0,0,0,0,4.3,7.3,2.3,4.3,0,0
2007-05-21,753,0,0,0,0,0,0,0,4.3,7.3,2.3,4.3,0,0
2007-05-22,613,0,0,0,0,0,0,0,4.3,7.3,2.3,4.3,0,0
2007-05-23,640,0,0,0,0,0,0,0,4.3,7.3,2.3,4.3,0,0
2007-05-24,669,0,0,0,0,0,0,0,4.3,7.3,2.3,4.3,0,0
2007-05-25,809,0,0,0,0,0,0,0,4.3,7.3,2.3,4.3,0,0
2007-05-26,1355,0,0,1,0,0,0,0,4.3,7.3,2.3,4.3,0,0
2007-05-27,2303,0,0,0,0,0,0,0,4.3,7.3,2.3,4.3,0,0
2007-05-28,2391,3,0,0,0,0,0,0,4.3,7.3,2.3,4.3,0,0
2007-05-29,1438,0,3,0,0,0,0,0,4.3,7.3,2.3,4.3,0,0
2007-05-30,705,0,0,0,0,0,0,0,4.3,7.3,2.3,4.3,0,0
2007-05-31,701,0,0,0,0,0,0,0,4.3,7.3,2.3,4.3,0,0
2007-06-01,792,0,0,0,0,0,0,0,4.3,7.3,2.3,4.3,0,0
2007-06-02,1270,0,0,0,0,0,0,0,4.3,7.3,2.3,4.3,0,0
2007-06-03,1748,0,0,0,0,0,0,0,4.3,7.3,2.3,4.3,0,0
2007-06-04,696,0,0,0,0,0,0,0,4.3,7.3,2.3,4.3,0,0
2007-06-05,685,0,0,0,0,0,0,0,4.3,7.3,2.3,4.3,0,0
2007-06-06,824,0,0,0,0,0,0,0,4.3,7.3,2.3,4.3,0,0
2007-06-07,1352,2,0,0,0,0,0,0,4.3,7.3,2.3,4.3,0,0
2007-06-08,1742,0,0,0,0,0,0,0,4.3,7.3,2.3,4.3,0,0
2007-06-09,2371,0,0,0,0,0,0,0,4.3,7.3,2.3,4.3,0,0
2007-06-10,2586,0,0,0,0,0,0,0,4.3,7.3,2.3,4.3,0,0
2007-06-11,1282,0,0,0,0,0,0,0,4.3,7.3,2.3,4.3,0,0
2007-06-12,825,0,0,0,0,0,0,0,4.3,7.3,2.3,4.3,0,0
2007-06-13,704,0,0,0,0,0,0,0,4.3,7.3,2.3,4.3,0,0
2007-06-14,855,0,0,0,0,0,0,0,4.3,7.3,2.3,4.3,0,0
2007-06-15,1012,0,0,0,0,0,0,0,4.3,7.3,2.3,4.3,0,0
2007-06-16,1405,0,0,0,0,0,0,0,4.3,7.3,2.3,4.3,0,0
2007-06-17,2127,0,0,0,0,0,0,0,4.3,7.3,2.3,4.3,0,0
2007-06-18,831,0,0,0,0,0,0,0,4.3,7.3,2.3,4.3,0,0
2007-06-19,974,0,0,0,0,0,0,0,4.3,7.3,2.3,4.3,0,0
2007-06-20,887,0,0,0,0,0,0,0,4.3,7.3,2.3,4.3,0,0
2007-06-21,832,0,2,0,0,0,0,0,4.3,7.3,2.3,4.3,0,0
2007-06-22,810,0,2,0,0,0,0,0,4.3,7.3,2.3,4.3,0,0
2007-06-23,1687,0,2,1,0,0,0,0,4.3,7.3,2.3,4.3,0,0
2007-06-24,2126,0,2,0,0,0,0,0,4.3,7.3,2.3,4.3,0,0
2007-06-25,1056,0,2,0,0,0,0,0,4.3,7.3,2.3,4.3,0,0
2007-06-26,1037,0,2,0,0,0,0,0,4.3,7.3,2.3,4.3,0,0
2007-06-27,1069,0,2,0,0,0,0,0,4.3,7.3,2.3,4.3,0,0
2007-06-28,1028,0,2,0,0,0,0,0,4.3,7.3,2.3,4.3,0,0
2007-06-29,1003,0,2,0,0,0,0,0,4.3,7.3,2.3,4.3,0,0
2007-06-30,1625,0,2,0,0,0,0,0,4.3,7.3,2.3,4.3,0,0
2007-07-01,2136,0,2,0,0,0,0,0,4.3,7.3,2.3,4.3,0,0
2007-07-02,1010,0,2,0,0,0,0,0,4.3,7.3,2.3,4.3,0,0
2007-07-03,1085,0,2,0,0,0,0,0,4.3,7.3,2.3,4.3,0,0
2007-07-04,1314,0,2,0,0,0,0,0,4.3,7.3,2.3,4.3,0,0
2007-07-05,1208,0,2,0,0,0,0,0,4.3,7.3,2.3,4.3,0,0
2007-07-06,1171,0,2,0,0,0,0,0,4.3,7.3,2.3,4.3,0,0
2007-07-07,1382,0,2,0,0,0,0,0,4.3,7.3,2.3,4.3,0,0
2007-07-08,1953,0,2,0,0,0,0,0,4.3,7.3,2.3,4.3,0,0
2007-07-09,1268,0,2,0,0,0,0,0,4.3,7.3,2.3,4.3,0,0
2007-07-10,1270,0,2,0,0,0,0,0,4.3,7.3,2.3,4.3,0,0
2007-07-11,1527,0,2,0,0,0,0,0,4.3,7.3,2.3,4.3,0,0
2007-07-12,1200,0,2,0,0,0,0,0,4.3,7.3,2.3,4.3,0,0
2007-07-13,998,0,2,0,0,0,0,0,4.3,7.3,2.3,4.3,0,0
2007-07-14,1727,0,2,1,0,0,0,0,4.3,7.3,2.3,4.3,0,0
2007-07-15,3408,0,2,0,0,0,0,0,4.3,7.3,2.3,4.3,0,0
2007-07-16,2746,0,2,0,0,0,0,0,4.3,7.3,2.3,4.3,0,0
2007-07-17,1443,0,2,0,0,0,0,0,4.3,7.3,2.3,4.3,0,0
2007-07-18,1485,0,2,0,0,0,0,0,4.3,7.3,2.3,4.3,0,0
2007-07-19,1565,0,3,0,0,0,0,0,4.3,7.3,2.3,4.3,0,0
2007-07-20,1417,0,3,0,0,0,0,0,4.3,7.3,2.3,4.3,0,0
2007-07-21,1824,0,3,0,0,0,0,0,4.3,7.3,2.3,4.3,0,0
2007-07-22,2358,0,3,0,0,0,1,0,4.3,7.3,2.3,4.3,0,0
2007-07-23,1357,0,3,0,0,0,1,0,4.3,7.3,2.3,4.3,0,0
2007-07-24,2698,0,3,0,0,0,1,0,4.3,7.3,2.3,4.3,0,0
2007-07-25,2092,0,3,0,0,0,1,0,4.3,7.3,2.3,4.3,0,0
2007-07-26,2045,0,3,0,0,0,1,0,4.3,7.3,2.3,4.3,0,0
2007-07-27,1801,0,3,0,0,0,1,0,4.3,7.3,2.3,4.3,0,0
2007-07-28,1776,0,3,0,0,0,1,0,4.3,7.3,2.3,4.3,0,0
2007-07-29,3373,0,3,0,0,0,1,0,4.3,7.3,2.3,4.3,0,0
2007-07-30,1995,0,3,0,0,0,1,0,4.3,7.3,2.3,4.3,0,0
2007-07-31,2072,0,3,0,0,0,1,0,4.3,7.3,2.3,4.3,0,0
2007-08-01,2031,0,3,0,0,0,1,0,4.3,7.3,2.3,4.3,0,0
2007-08-02,2399,0,3,0,0,0,1,0,4.3,7.3,2.3,4.3,0,0
2007-08-03,1350,0,3,0,0,0,1,0,4.3,7.3,2.3,4.3,0,0
2007-08-04,1520,0,1,0,0,0,1,0,4.3,7.3,2.3,4.3,0,0
2007-08-05,3119,0,1,0,0,0,0,0,4.3,7.3,2.3,4.3,0,0
2007-08-06,2745,0,1,0,0,0,0,0,4.3,7.3,2.3,4.3,0,0
2007-08-07,1546,0,1,0,0,0,0,0,4.3,7.3,2.3,4.3,0,0
2007-08-08,1749,0,1,0,0,0,0,0,4.3,7.3,2.3,4.3,0,0
2007-08-09,1907,0,1,0,0,0,0,0,4.3,7.3,2.3,4.3,0,0
2007-08-10,1390,0,1,0,0,0,0,0,4.3,7.3,2.3,4.3,0,0
2007-08-11,1503,0,1,0,0,0,0,0,4.3,7.3,2.3,4.3,0,0
2007-08-12,1976,0,1,0,0,0,0,0,4.3,7.3,2.3,4.3,0,0
2007-08-13,1318,0,1,0,0,0,0,0,4.3,7.3,2.3,4.3,0,0
2007-08-14,1900,0,1,0,0,0,0,0,4.3,7.3,2.3,4.3,0,0
2007-08-15,1670,0,1,0,0,0,0,0,4.3,7.3,2.3,4.3,0,0
2007-08-16,1817,0,1,0,0,0,0,0,4.3,7.3,2.3,4.3,0,0
2007-08-17,1368,0,1,0,0,0,0,0,4.3,7.3,2.3,4.3,0,0
2007-08-18,1339,0,1,0,0,0,0,0,4.3,7.3,2.3,4.3,0,0
2007-08-19,2134,0,1,0,0,0,0,0,4.3,7.3,2.3,4.3,0,0
2007-08-20,1283,0,1,0,0,0,0,0,4.3,7.3,2.3,4.3,0,0
2007-08-21,1699,0,1,0,0,0,0,0,4.3,7.3,2.3,4.3,0,0
2007-08-22,1905,0,1,0,0,0,0,0,4.3,7.3,2.3,4.3,0,0
2007-08-23,1769,0,1,0,0,0,0,0,4.3,7.3,2.3,4.3,0,0
2007-08-24,1382,0,1,0,0,0,0,0,4.3,7.3,2.3,4.3,0,0
2007-08-25,1648,0,1,0,0,0,0,0,4.3,7.3,2.3,4.3,0,0
2007-08-26,2170,0,1,0,0,0,0,0,4.3,7.3,2.3,4.3,0,0
2007-08-27,1676,0,1,0,0,0,0,0,4.3,7.3,2.3,4.3,0,0
2007-08-28,1672,0,1,0,0,0,0,0,4.3,7.3,2.3,4.3,0,0
2007-08-29,1790,0,1,0,0,0,0,0,4.3,7.3,2.3,4.3,0,0
2007-08-30,718,0,0,0,0,0,0,0,4.3,7.3,2.3,4.3,0,0
2007-08-31,732,0,0,0,0,0,0,0,4.3,7.3,2.3,4.3,0,0
2007-09-01,1019,0,0,0,0,0,0,0,4.3,7.3,2.3,4.3,0,0
2007-09-02,1462,0,0,0,0,0,0,0,4.3,7.3,2.3,4.3,0,0
2007-09-03,679,0,0,0,0,0,0,0,4.3,7.3,2.3,4.3,0,0
2007-09-04,663,0,0,0,0,0,0,0,4.3,7.3,2.3,4.3,0,0
2007-09-05,630,0,0,0,0,0,0,0,4.3,7.3,2.3,4.3,0,0
2007-09-06,586,0,0,0,0,0,0,0,4.3,7.3,2.3,4.3,0,0
2007-09-07,638,0,0,0,0,0,0,0,4.3,7.3,2.3,4.3,0,0
2007-09-08,1162,0,0,1,0,0,0,0,4.3,7.3,2.3,4.3,0,0
2007-09-09,1535,0,0,0,0,0,0,0,4.3,7.3,2.3,4.3,0,0
2007-09-10,664,0,0,0,0,0,0,0,4.3,7.3,2.3,4.3,0,0
2007-09-11,659,0,0,0,0,0,0,0,4.3,7.3,2.3,4.3,0,0
2007-09-12,548,0,0,0,0,0,0,0,4.3,7.3,2.3,4.3,0,0
2007-09-13,502,0,0,0,0,0,0,0,4.3,7.3,2.3,4.3,0,0
2007-09-14,687,0,0,0,0,0,0,0,4.3,7.3,2.3,4.3,0,0
2007-09-15,1251,0,0,1,0,0,0,0,4.3,7.3,2.3,4.3,0,0
2007-09-16,1156,0,0,0,0,0,0,0,4.3,7.3,2.3,4.3,0,0
2007-09-17,661,0,0,0,0,0,0,0,4.3,7.3,2.3,4.3,0,0
2007-09-18,544,0,0,0,0,0,0,0,4.3,7.3,2.3,4.3,0,0
2007-09-19,528,0,0,0,0,0,0,0,4.3,7.3,2.3,4.3,0,0
2007-09-20,577,0,0,0,0,0,0,0,4.3,7.3,2.3,4.3,0,0
2007-09-21,528,0,0,0,0,0,0,0,4.3,7.3,2.3,4.3,0,0
2007-09-22,1120,0,0,0,0,0,0,0,4.3,7.3,2.3,4.3,0,0
2007-09-23,1270,0,0,1,0,0,0,0,4.3,7.3,2.3,4.3,0,0
2007-09-24,705,0,2,0,0,0,0,0,4.3,7.3,2.3,4.3,0,0
2007-09-25,977,0,2,0,0,0,0,0,4.3,7.3,2.3,4.3,0,0
2007-09-26,1002,0,2,0,0,0,0,0,4.3,7.3,2.3,4.3,0,0
2007-09-27,929,0,2,0,0,0,0,0,4.3,7.3,2.3,4.3,0,0
2007-09-28,854,0,2,0,0,0,0,0,4.3,7.3,2.3,4.3,0,0
2007-09-29,1450,0,2,0,0,0,0,0,4.3,7.3,2.3,4.3,0,0
2007-09-30,1629,0,2,0,0,0,0,0,4.3,7.3,2.3,4.3,0,0
2007-10-01,1125,0,2,0,0,0,0,0,4.3,7.3,2.3,4.3,0,0
2007-10-02,1246,0,2,0,0,0,0,0,4.3,7.3,2.3,4.3,0,0
2007-10-03,1950,3,2,0,0,0,0,0,4.3,7.3,2.3,4.3,0,0
2007-10-04,1120,0,2,0,0,0,0,0,4.3,7.3,2.3,4.3,0,0
2007-10-05,1039,0,2,0,0,0,0,0,4.3,7.3,2.3,4.3,0,0
2007-10-06,989,0,2,0,0,0,0,0,4.3,7.3,2.3,4.3,0,0
2007-10-07,1261,0,0,0,0,0,0,0,4.3,7.3,2.3,4.3,0,0
2007-10-08,590,0,0,0,0,0,0,0,4.3,7.3,2.3,4.3,0,0
2007-10-09,530,0,0,0,0,0,0,0,4.3,7.3,2.3,4.3,0,0
2007-10-10,583,0,0,0,0,0,0,0,4.3,7.3,2.3,4.3,0,0
2007-10-11,663,0,0,0,0,0,0,0,4.3,7.3,2.3,4.3,0,0
2007-10-12,654,0,0,0,0,0,0,0,4.3,7.3,2.3,4.3,0,0
2007-10-13,995,0,0,0,0,0,0,0,4.3,7.3,2.3,4.3,0,0
2007-10-14,1297,0,0,0,0,0,0,0,4.3,7.3,2.3,4.3,0,0
2007-10-15,609,0,0,0,0,0,0,0,4.3,7.3,2.3,4.3,0,0
2007-10-16,543,0,0,0,0,0,0,0,4.3,7.3,2.3,4.3,0,0
2007-10-17,647,0,0,0,0,0,0,0,4.3,7.3,2.3,4.3,0,0
2007-10-18,600,0,0,0,0,0,0,0,4.3,7.3,2.3,4.3,0,0
2007-10-19,654,0,0,0,0,0,0,0,4.3,7.3,2.3,4.3,0,0
2007-10-20,960,0,0,0,0,0,0,0,4.3,7.3,2.3,4.3,0,0
2007-10-21,1625,0,0,0,0,0,0,0,4.3,7.3,2.3,4.3,0,0
2007-10-22,1219,0,1,0,0,0,0,0,4.3,7.3,2.3,4.3,0,0
2007-10-23,1007,0,1,0,0,0,0,0,4.3,7.3,2.3,4.3,0,0
2007-10-24,1289,0,1,0,0,0,0,0,4.3,7.3,2.3,4.3,0,0
2007-10-25,1151,0,1,0,0,0,0,0,4.3,7.3,2.3,4.3,0,0
2007-10-26,984,0,1,0,0,0,0,0,4.3,7.3,2.3,4.3,0,0
2007-10-27,971,0,1,0,0,0,0,0,4.3,7.3,2.3,4.3,0,0
2007-10-28,1537,0,1,0,0,0,0,0,4.3,7.3,2.3,4.3,0,0
2007-10-29,1433,0,1,0,0,0,0,0,4.3,7.3,2.3,4.3,0,0
2007-10-30,1338,0,1,0,0,0,0,0,4.3,7.3,2.3,4.3,0,0
2007-10-31,1270,0,1,0,0,0,0,0,4.3,7.3,2.3,4.3,0,0
2007-11-01,1722,2,1,0,0,0,0,0,4.3,7.3,2.3,4.3,0,0
2007-11-02,1835,0,1,0,0,0,0,0,4.3,7.3,2.3,4.3,0,0
2007-11-03,1358,0,1,0,0,0,0,0,4.3,7.3,2.3,4.3,0,0
2007-11-04,1667,0,0,1,0,0,0,0,4.3,7.3,2.3,4.3,0,0
2007-11-05,565,0,0,0,0,0,0,0,4.3,7.3,2.3,4.3,0,0
2007-11-06,608,0,0,0,0,0,0,0,4.3,7.3,2.3,4.3,0,0
2007-11-07,624,0,0,0,0,0,0,0,4.3,7.3,2.3,4.3,0,0
2007-11-08,514,0,0,0,0,0,0,0,4.3,7.3,2.3,4.3,0,0
2007-11-09,646,0,0,0,0,0,0,0,4.3,7.3,2.3,4.3,0,0
2007-11-10,1188,0,0,0,0,0,0,0,4.3,7.3,2.3,4.3,0,0
2007-11-11,1901,0,0,1,0,0,0,0,4.3,7.3,2.3,4.3,0,0
2007-11-12,602,0,0,0,0,0,0,0,4.3,7.3,2.3,4.3,0,0
2007-11-13,559,0,0,0,0,0,0,0,4.3,7.3,2.3,4.3,0,0
2007-11-14,618,0,0,0,0,0,0,0,4.3,7.3,2.3,4.3,0,0
2007-11-15,500,0,0,0,0,0,0,0,4.3,7.3,2.3,4.3,0,0
2007-11-16,549,0,0,0,0,0,0,0,4.3,7.3,2.3,4.3,0,0
2007-11-17,1224,0,0,1,0,0,0,0,4.3,7.3,2.3,4.3,0,0
2007-11-18,1564,0,0,0,0,0,0,0,4.3,7.3,2.3,4.3,0,0
2007-11-19,574,0,0,0,0,0,0,0,4.3,7.3,2.3,4.3,0,0
2007-11-20,536,0,0,0,0,0,0,0,4.3,7.3,2.3,4.3,0,0
2007-11-21,603,0,0,0,0,0,0,0,4.3,7.3,2.3,4.3,0,0
2007-11-22,502,0,0,0,0,0,0,0,4.3,7.3,2.3,4.3,0,0
2007-11-23,1050,0,0,1,0,0,0,0,4.3,7.3,2.3,4.3,0,0
2007-11-24,1193,0,0,0,0,0,0,0,4.3,7.3,2.3,4.3,0,0
2007-11-25,1583,0,0,0,0,0,0,0,4.3,7.3,2.3,4.3,0,0
2007-11-26,560,0,0,0,0,0,0,0,4.3,7.3,2.3,4.3,0,0
2007-11-27,513,0,0,0,0,0,0,0,4.3,7.3,2.3,4.3,0,0
2007-11-28,519,0,0,0,0,0,0,0,4.3,7.3,2.3,4.3,0,0
2007-11-29,432,0,0,0,0,0,0,0,4.3,7.3,2.3,4.3,0,0
2007-11-30,670,0,0,0,0,0,0,0,4.3,7.3,2.3,4.3,0,0
2007-12-01,798,0,0,0,0,0,0,0,4.3,7.3,2.3,4.3,0,0
2007-12-02,1079,0,0,0,0,0,0,0,4.3,7.3,2.3,4.3,0,0
2007-12-03,569,0,0,0,1,0,0,1,4.3,7.3,2.3,4.3,0,0
2007-12-04,523,0,0,0,1,0,0,1,4.3,7.3,2.3,4.3,0,0
2007-12-05,500,0,0,0,1,0,0,1,4.3,7.3,2.3,4.3,0,0
2007-12-06,442,0,0,0,1,0,0,1,4.3,7.3,2.3,4.3,0,0
2007-12-07,470,0,0,0,1,0,0,1,4.3,7.3,2.3,4.3,0,0
2007-12-08,928,0,0,0,1,0,0,1,4.3,7.3,2.3,4.3,0,0
2007-12-09,1207,0,0,0,1,0,0,1,4.3,7.3,2.3,4.3,0,0
2007-12-10,513,0,0,0,1,0,0,1,4.3,7.3,2.3,4.3,0,0
2007-12-11,472,0,0,0,1,0,0,1,4.3,7.3,2.3,4.3,0,0
2007-12-12,799,0,0,0,1,0,0,1,4.3,7.3,2.3,4.3,0,0
2007-12-13,280,0,0,0,1,0,0,1,4.3,7.3,2.3,4.3,0,0
2007-12-14,294,0,0,0,1,0,0,1,4.3,7.3,2.3,4.3,0,0
2007-12-15,706,0,0,0,1,0,0,1,4.3,7.3,2.3,4.3,0,0
2007-12-16,910,0,0,0,0,0,0,1,4.3,7.3,2.3,4.3,0,0
2007-12-17,210,0,0,0,0,0,0,1,4.3,7.3,2.3,4.3,0,0
2007-12-18,195,0,0,0,0,0,0,1,4.3,7.3,2.3,4.3,0,0
2007-12-19,255,0,0,0,0,0,0,1,4.3,7.3,2.3,4.3,0,0
2007-12-20,279,0,2,0,0,0,0,1,4.3,7.3,2.3,4.3,0,0
2007-12-21,536,0,2,0,0,0,0,1,4.3,7.3,2.3,4.3,0,0
2007-12-22,403,0,2,0,0,0,0,1,4.3,7.3,2.3,4.3,0,0
2007-12-23,557,0,2,0,0,0,0,1,4.3,7.3,2.3,4.3,0,0
2007-12-24,230,0,3,0,0,0,0,1,4.3,7.3,2.3,4.3,0,0
2007-12-26,721,3,3,0,0,0,0,0,4.3,7.3,2.3,4.3,0,0
2007-12-27,1261,0,3,0,0,0,0,0,4.3,7.3,2.3,4.3,0,0
2007-12-28,1490,0,3,0,0,0,0,0,4.3,7.3,2.3,4.3,0,0
2007-12-29,1485,0,3,0,0,0,0,0,4.3,7.3,2.3,4.3,0,0
2007-12-30,2089,0,3,0,0,0,0,0,4.3,7.3,2.3,4.3,0,0
2007-12-31,372,0,3,0,0,0,0,0,4.3,7.3,2.3,4.3,0,0
2008-01-01,486,3,3,0,0,0,0,0,4.3,7.3,2.3,4.3,0,0
2008-01-02,1573,0,3,0,0,0,0,0,4.3,7.3,2.3,4.3,0,0
2008-01-03,1934,0,3,0,0,0,0,0,4.3,7.3,2.3,4.3,0,0
2008-01-04,1857,0,3,0,0,0,0,0,4.3,7.3,2.3,4.3,0,0
2008-01-05,1649,0,1,0,0,0,0,0,4.3,7.3,2.3,4.3,0,0
2008-01-06,1902,0,0,0,0,0,0,0,4.3,7.3,2.3,4.3,0,0
2008-01-07,623,0,0,1,0,0,0,0,4.3,7.3,2.3,4.3,0,0
2008-01-08,526,0,0,0,0,0,0,0,4.3,7.3,2.3,4.3,0,0
2008-01-09,659,0,0,0,0,0,0,0,4.3,7.3,2.3,4.3,0,0
2008-01-10,648,0,0,0,0,0,0,0,4.3,7.3,2.3,4.3,0,0
2008-01-11,820,0,0,0,0,0,0,0,4.3,7.3,2.3,4.3,0,0
2008-01-12,1798,0,0,1,0,0,0,0,4.3,7.3,2.3,4.3,0,0
2008-01-13,2177,0,0,1,0,0,0,0,4.3,7.3,2.3,4.3,0,0
2008-01-14,785,0,0,0,0,0,0,0,4.3,7.3,2.3,4.3,0,0
2008-01-15,631,0,0,0,0,0,0,0,4.3,7.3,2.3,4.3,0,0
2008-01-16,663,0,0,0,0,0,0,0,4.3,7.3,2.3,4.3,0,0
2008-01-17,815,0,0,0,0,0,0,0,4.3,7.3,2.3,4.3,0,0
2008-01-18,844,0,0,0,0,0,0,0,4.3,7.3,2.3,4.3,0,0
2008-01-19,1874,0,0,1,0,0,0,0,4.3,7.3,2.3,4.3,0,0
2008-01-20,2582,0,0,0,0,0,0,0,4.3,7.3,2.3,4.3,0,0
2008-01-21,1105,0,0,1,0,0,0,0,4.3,7.3,2.3,4.3,0,0
2008-01-22,614,0,0,0,0,0,0,0,4.3,7.3,2.3,4.3,0,0
2008-01-23,725,0,0,0,0,0,0,0,4.3,7.3,2.3,4.3,0,0
2008-01-24,680,0,0,0,0,0,0,0,4.3,7.3,2.3,4.3,0,0
2008-01-25,813,0,0,0,0,0,0,0,4.3,7.3,2.3,4.3,0,0
2008-01-26,1501,0,0,0,0,0,0,0,4.3,7.3,2.3,4.3,0,0
2008-01-27,2222,0,0,0,0,0,0,0,4.3,7.3,2.3,4.3,0,0
2008-01-28,923,0,0,0,0,0,0,0,4.3,7.3,2.3,4.3,0,0
2008-01-29,688,0,0,0,0,0,0,0,4.3,7.3,2.3,4.3,0,0
2008-01-30,948,0,0,0,0,0,0,0,4.3,7.3,2.3,4.3,0,0
2008-01-31,1366,0,1,0,0,0,0,0,4.3,7.3,2.3,4.3,0,0
2008-02-01,1467,0,1,0,0,0,0,0,4.3,7.3,2.3,4.3,0,0
2008-02-02,1547,0,0,0,0,0,0,0,4.3,7.3,2.3,4.3,0,0
2008-02-03,1937,0,0,0,0,0,0,0,4.3,7.3,2.3,4.3,0,0
2008-02-04,1284,0,0,1,0,0,0,0,4.3,7.3,2.3,4.3,0,0
2008-02-05,785,0,0,0,0,0,0,0,4.3,7.3,2.3,4.3,0,0
2008-02-06,735,0,0,0,0,0,0,0,4.3,7.3,2.3,4.3,0,0
2008-02-07,637,0,0,0,0,0,0,0,4.3,7.3,2.3,4.3,0,0
2008-02-08,1426,0,0,0,0,0,0,0,4.3,7.3,2.3,4.3,0,0
2008-02-09,1931,0,0,1,0,0,0,0,4.3,7.3,2.3,4.3,0,0
2008-02-10,2121,0,0,1,0,0,0,0,4.3,7.3,2.3,4.3,0,0
2008-02-11,648,0,0,0,0,0,0,0,4.3,7.3,2.3,4.3,0,0
2008-02-12,575,0,0,0,0,0,0,0,4.3,7.3,2.3,4.3,0,0
2008-02-13,650,0,0,0,0,0,0,0,4.3,7.3,2.3,4.3,0,0
2008-02-14,616,0,0,0,0,0,0,0,4.3,7.3,2.3,4.3,0,0
2008-02-15,762,0,0,0,0,0,0,0,4.3,7.3,2.3,4.3,0,0
2008-02-16,1452,0,0,1,0,0,0,0,4.3,7.3,2.3,4.3,0,0
2008-02-17,1702,0,0,1,0,0,0,0,4.3,7.3,2.3,4.3,0,0
2008-02-18,739,0,0,1,0,0,0,0,4.3,7.3,2.3,4.3,0,0
2008-02-19,561,0,0,0,0,0,0,0,4.3,7.3,2.3,4.3,0,0
2008-02-20,634,0,0,0,0,0,0,0,4.3,7.3,2.3,4.3,0,0
2008-02-21,673,0,0,0,0,0,0,0,4.3,7.3,2.3,4.3,0,0
2008-02-22,790,0,0,0,0,0,0,0,4.3,7.3,2.3,4.3,0,0
2008-02-23,1329,0,0,1,0,0,0,0,4.3,7.3,2.3,4.3,0,0
2008-02-24,1707,0,0,0,0,0,0,0,4.3,7.3,2.3,4.3,0,0
2008-02-25,614,0,0,0,0,0,0,0,4.3,7.3,2.3,4.3,0,0
2008-02-26,566,0,0,0,0,0,0,0,4.3,7.3,2.3,4.3,0,0
2008-02-27,567,0,0,0,0,0,0,0,4.3,7.3,2.3,4.3,0,0
2008-02-28,651,0,0,0,0,0,0,0,4.3,7.3,2.3,4.3,0,0
2008-02-29,829,0,0,0,0,0,0,0,4.3,7.3,2.3,4.3,0,0
2008-03-01,1440,0,0,1,0,0,0,0,4.3,7.3,2.3,4.3,0,0
2008-03-02,2099,0,0,1,0,0,0,0,4.3,7.3,2.3,4.3,0,0
2008-03-03,752,0,0,1,0,0,0,0,4.3,7.3,2.3,4.3,0,0
2008-03-04,586,0,0,0,0,0,0,0,4.3,7.3,2.3,4.3,0,0
2008-03-05,567,0,0,0,0,0,0,0,4.3,7.3,2.3,4.3,0,0
2008-03-06,662,0,0,0,0,0,0,0,4.3,7.3,2.3,4.3,0,0
2008-03-07,713,0,0,0,0,0,0,0,4.3,7.3,2.3,4.3,0,0
2008-03-08,1218,0,0,0,0,0,0,0,4.3,7.3,2.3,4.3,0,0
2008-03-09,1768,0,0,0,0,0,0,0,4.3,7.3,2.3,4.3,0,0
2008-03-10,1052,0,1,0,0,0,0,0,4.3,7.3,2.3,4.3,0,0
2008-03-11,1193,0,1,1,0,0,0,0,4.3,7.3,2.3,4.3,0,0
2008-03-12,1340,0,1,0,0,0,0,0,4.3,7.3,2.3,4.3,0,0
2008-03-13,1518,0,1,1,0,0,0,0,4.3,7.3,2.3,4.3,0,0
2008-03-14,1130,0,1,0,0,0,0,0,4.3,7.3,2.3,4.3,0,0
2008-03-15,1191,0,1,1,0,0,0,0,4.3,7.3,2.3,4.3,0,0
2008-03-16,2432,0,1,0,0,0,0,0,4.3,7.3,2.3,4.3,0,0
2008-03-17,1722,0,3,1,0,0,0,0,4.3,7.3,2.3,4.3,0,0
2008-03-18,1977,0,3,1,0,0,0,0,4.3,7.3,2.3,4.3,0,0
2008-03-19,2155,0,3,0,0,0,0,0,4.3,7.3,2.3,4.3,0,0
2008-03-20,2054,0,3,1,0,0,0,0,4.3,7.3,2.3,4.3,0,0
2008-03-21,2275,3,3,0,0,0,0,0,4.3,7.3,2.3,4.3,0,0
2008-03-22,1886,0,3,0,0,0,0,0,4.3,7.3,2.3,4.3,0,0
2008-03-23,701,0,3,0,0,0,0,0,4.3,7.3,2.3,4.3,0,0
2008-03-24,1434,3,3,0,0,0,0,0,4.3,7.3,2.3,4.3,0,0
2008-03-25,1430,0,3,0,0,0,0,0,4.3,7.3,2.3,4.3,0,0
2008-03-26,1704,0,3,0,0,0,0,0,4.3,7.3,2.3,4.3,0,0
2008-03-27,1647,0,2,0,0,0,0,0,4.3,7.3,2.3,4.3,0,0
2008-03-28,1550,0,2,0,0,0,0,0,4.3,7.3,2.3,4.3,0,0
2008-03-29,2076,0,2,1,0,0,0,0,4.3,7.3,2.3,4.3,0,0
2008-03-30,2157,0,0,1,0,0,0,0,4.3,7.3,2.3,4.3,0,0
2008-03-31,747,0,0,0,0,0,0,0,4.3,7.3,2.3,4.3,0,0
2008-04-01,655,0,0,0,0,0,0,0,4.3,7.3,2.3,4.3,0,0
2008-04-02,853,0,0,0,0,0,0,0,4.3,7.3,2.3,4.3,0,0
2008-04-03,726,0,0,0,0,0,0,0,4.3,7.3,2.3,4.3,0,0
2008-04-04,848,0,0,0,0,0,0,0,4.3,7.3,2.3,4.3,0,0
2008-04-05,2266,0,0,0,0,0,0,0,4.3,7.3,2.3,4.3,0,0
2008-04-06,2584,0,0,0,0,0,0,0,4.3,7.3,2.3,4.3,0,0
2008-04-07,731,0,0,1,0,0,0,0,4.3,7.3,2.3,4.3,0,0
2008-04-08,645,0,0,0,0,0,0,0,4.3,7.3,2.3,4.3,0,0
2008-04-09,680,0,0,0,0,0,0,0,4.3,7.3,2.3,4.3,0,0
2008-04-10,644,0,0,0,0,0,0,0,4.3,7.3,2.3,4.3,0,0
2008-04-11,850,0,0,0,0,0,0,0,4.3,7.3,2.3,4.3,0,0
2008-04-12,1252,0,0,0,0,0,0,0,4.3,7.3,2.3,4.3,0,0
2008-04-13,1934,0,0,0,0,0,0,0,4.3,7.3,2.3,4.3,0,0
2008-04-14,757,0,0,0,0,0,0,0,4.3,7.3,2.3,4.3,0,0
2008-04-15,640,0,0,0,0,0,0,0,4.3,7.3,2.3,4.3,0,0
2008-04-16,609,0,0,0,0,0,0,0,4.3,7.3,2.3,4.3,0,0
2008-04-17,566,0,0,0,0,0,0,0,4.3,7.3,2.3,4.3,0,0
2008-04-18,880,0,0,0,0,0,0,0,4.3,7.3,2.3,4.3,0,0
2008-04-19,1274,0,0,0,0,0,0,0,4.3,7.3,2.3,4.3,0,0
2008-04-20,1516,0,0,0,0,0,0,0,4.3,7.3,2.3,4.3,0,0
2008-04-21,682,0,0,1,0,0,0,0,4.3,7.3,2.3,4.3,0,0
2008-04-22,638,0,0,0,0,0,0,0,4.3,7.3,2.3,4.3,0,0
2008-04-23,685,0,0,0,0,0,0,0,4.3,7.3,2.3,4.3,0,0
2008-04-24,606,0,0,0,0,0,0,0,4.3,7.3,2.3,4.3,0,0
2008-04-25,690,0,0,0,0,0,0,0,4.3,7.3,2.3,4.3,0,0
2008-04-26,1087,0,0,1,0,0,0,0,4.3,7.3,2.3,4.3,0,0
2008-04-27,1095,0,0,0,0,0,0,0,4.3,7.3,2.3,4.3,0,0
2008-04-28,726,0,0,0,0,0,0,0,4.3,7.3,2.3,4.3,0,0
2008-04-29,698,0,0,0,0,0,0,0,4.3,7.3,2.3,4.3,0,0
2008-04-30,661,0,0,0,0,0,0,0,4.3,7.3,2.3,4.3,0,0
2008-05-01,850,3,0,0,0,0,0,0,4.3,7.3,2.3,4.3,0,0
2008-05-02,1338,0,1,0,0,0,0,0,4.3,7.3,2.3,4.3,0,0
2008-05-03,1113,0,0,0,0,0,0,0,4.3,7.3,2.3,4.3,0,0
2008-05-04,1238,0,0,0,0,0,0,0,4.3,7.3,2.3,4.3,0,0
2008-05-05,675,0,0,0,0,0,0,0,4.3,7.3,2.3,4.3,0,0
2008-05-06,647,0,0,0,0,0,0,0,4.3,7.3,2.3,4.3,0,0
2008-05-07,779,0,0,0,0,0,0,0,4.3,7.3,2.3,4.3,0,0
2008-05-08,676,0,0,0,0,0,0,0,4.3,7.3,2.3,4.3,0,0
2008-05-09,723,0,0,0,0,0,0,0,4.3,7.3,2.3,4.3,0,0
2008-05-10,2037,0,0,1,0,0,0,0,4.3,7.3,2.3,4.3,0,0
2008-05-11,2235,0,0,1,0,0,0,0,4.3,7.3,2.3,4.3,0,0
2008-05-12,2165,3,0,1,0,0,0,0,4.3,7.3,2.3,4.3,0,0
2008-05-13,810,0,3,0,0,0,0,0,4.3,7.3,2.3,4.3,0,0
2008-05-14,847,0,0,0,0,0,0,0,4.3,7.3,2.3,4.3,0,0
2008-05-15,737,0,0,0,0,0,0,0,4.3,7.3,2.3,4.3,0,0
2008-05-16,775,0,0,0,0,0,0,0,4.3,7.3,2.3,4.3,0,0
2008-05-17,1663,0,0,0,0,0,0,0,4.3,7.3,2.3,4.3,0,0
2008-05-18,1637,0,0,0,0,0,0,0,4.3,7.3,2.3,4.3,0,0
2008-05-19,746,0,0,0,0,0,0,0,4.3,7.3,2.3,4.3,0,0
2008-05-20,605,0,0,0,0,0,0,0,4.3,7.3,2.3,4.3,0,0
2008-05-21,1062,0,0,0,0,0,0,0,4.3,7.3,2.3,4.3,0,0
2008-05-22,1057,2,0,0,0,0,0,0,4.3,7.3,2.3,4.3,0,0
2008-05-23,1049,0,0,0,0,0,0,0,4.3,7.3,2.3,4.3,0,0
2008-05-24,1093,0,0,0,0,0,0,0,4.3,7.3,2.3,4.3,0,0
2008-05-25,1611,0,0,0,0,0,0,0,4.3,7.3,2.3,4.3,0,0
2008-05-26,505,0,0,0,0,1,0,0,4.3,7.3,2.3,4.3,0,0
2008-05-27,428,0,0,0,0,1,0,0,4.3,7.3,2.3,4.3,0,0
2008-05-28,501,0,0,0,0,1,0,0,4.3,7.3,2.3,4.3,0,0
2008-05-29,395,0,0,0,0,1,0,0,4.3,7.3,2.3,4.3,0,0
2008-05-30,708,0,0,0,0,1,0,0,4.3,7.3,2.3,4.3,0,0
2008-05-31,1237,0,0,0,0,1,0,0,4.3,7.3,2.3,4.3,0,0
2008-06-01,1417,0,0,0,0,1,0,0,4.3,7.3,2.3,4.3,0,0
2008-06-02,1173,0,0,0,0,1,0,0,4.3,7.3,2.3,4.3,0,0
2008-06-03,492,0,0,0,0,1,0,0,4.3,7.3,2.3,4.3,0,0
2008-06-04,473,0,0,0,0,1,0,0,4.3,7.3,2.3,4.3,0,0
2008-06-05,592,0,0,0,0,1,0,0,4.3,7.3,2.3,4.3,0,0
2008-06-06,638,0,0,0,0,1,0,0,4.3,7.3,2.3,4.3,0,0
2008-06-07,1352,0,0,0,0,1,0,0,4.3,7.3,2.3,4.3,0,0
2008-06-08,2535,0,0,0,0,0,0,0,4.3,7.3,2.3,4.3,0,0
2008-06-09,1014,0,0,1,0,0,0,0,4.3,7.3,2.3,4.3,0,0
2008-06-10,907,0,0,0,0,0,0,0,4.3,7.3,2.3,4.3,0,0
2008-06-11,545,0,0,0,0,0,0,0,4.3,7.3,2.3,4.3,0,0
2008-06-12,543,0,0,0,0,0,0,0,4.3,7.3,2.3,4.3,0,0
2008-06-13,687,0,0,0,0,0,0,0,4.3,7.3,2.3,4.3,0,0
2008-06-14,1396,0,0,0,0,0,0,0,4.3,7.3,2.3,4.3,0,0
2008-06-15,1852,0,0,0,0,0,0,0,4.3,7.3,2.3,4.3,0,0
2008-06-16,511,0,0,0,0,0,0,0,4.3,7.3,2.3,4.3,0,0
2008-06-17,618,0,0,0,0,0,0,0,4.3,7.3,2.3,4.3,0,0
2008-06-18,640,0,0,0,0,0,0,0,4.3,7.3,2.3,4.3,0,0
2008-06-19,750,0,0,0,0,0,0,0,4.3,7.3,2.3,4.3,0,0
2008-06-20,868,0,0,0,0,0,0,0,4.3,7.3,2.3,4.3,0,0
2008-06-21,1197,0,0,0,0,0,0,0,4.3,7.3,2.3,4.3,0,0
2008-06-22,1963,0,0,0,0,0,0,0,4.3,7.3,2.3,4.3,0,0
2008-06-23,926,0,0,0,0,0,0,0,4.3,7.3,2.3,4.3,0,0
2008-06-24,951,0,0,0,0,0,0,0,4.3,7.3,2.3,4.3,0,0
2008-06-25,570,0,0,0,0,0,0,0,4.3,7.3,2.3,4.3,0,0
2008-06-26,738,0,2,0,0,0,0,0,4.3,7.3,2.3,4.3,0,0
2008-06-27,830,0,2,0,0,0,0,0,4.3,7.3,2.3,4.3,0,0
2008-06-28,1515,0,2,0,0,0,0,0,4.3,7.3,2.3,4.3,0,0
2008-06-29,1426,0,2,0,0,0,0,0,4.3,7.3,2.3,4.3,0,0
2008-06-30,795,0,2,0,0,0,0,0,4.3,7.3,2.3,4.3,0,0
2008-07-01,1423,0,2,0,0,0,0,0,4.3,7.3,2.3,4.3,0,0
2008-07-02,2843,0,2,0,0,0,0,0,4.3,7.3,2.3,4.3,0,0
2008-07-03,1205,0,2,0,0,0,0,0,4.3,7.3,2.3,4.3,0,0
2008-07-04,779,0,2,0,0,0,0,0,4.3,7.3,2.3,4.3,0,0
2008-07-05,1518,0,2,1,0,0,0,0,4.3,7.3,2.3,4.3,0,0
2008-07-06,1877,0,2,1,0,0,0,0,4.3,7.3,2.3,4.3,0,0
2008-07-07,1016,0,2,0,0,0,0,0,4.3,7.3,2.3,4.3,0,0
2008-07-08,975,0,2,0,0,0,0,0,4.3,7.3,2.3,4.3,0,0
2008-07-09,1135,0,2,0,0,0,0,0,4.3,7.3,2.3,4.3,0,0
2008-07-10,1641,0,3,0,0,0,0,0,4.3,7.3,2.3,4.3,0,0
2008-07-11,1436,0,3,0,0,0,0,0,4.3,7.3,2.3,4.3,0,0
2008-07-12,1558,0,3,0,0,0,0,0,4.3,7.3,2.3,4.3,0,0
2008-07-13,2195,0,3,0,0,0,0,0,4.3,7.3,2.3,4.3,0,0
2008-07-14,1381,0,3,1,0,0,0,0,4.3,7.3,2.3,4.3,0,0
2008-07-15,1858,0,3,0,0,0,0,0,4.3,7.3,2.3,4.3,0,0
2008-07-16,2113,0,3,0,0,0,0,0,4.3,7.3,2.3,4.3,0,0
2008-07-17,2033,0,3,0,0,0,0,0,4.3,7.3,2.3,4.3,0,0
2008-07-18,1945,0,3,0,0,0,0,0,4.3,7.3,2.3,4.3,0,0
2008-07-19,2034,0,3,0,0,0,0,0,4.3,7.3,2.3,4.3,0,0
2008-07-20,2717,0,3,0,0,0,0,0,4.3,7.3,2.3,4.3,0,0
2008-07-21,2198,0,3,0,0,0,0,0,4.3,7.3,2.3,4.3,0,0
2008-07-22,2147,0,3,0,0,0,0,0,4.3,7.3,2.3,4.3,0,0
2008-07-23,1918,0,3,0,0,0,0,0,4.3,7.3,2.3,4.3,0,0
2008-07-24,2060,0,3,0,0,0,0,0,4.3,7.3,2.3,4.3,0,0
2008-07-25,2025,0,3,0,0,0,0,0,4.3,7.3,2.3,4.3,0,0
2008-07-26,2069,0,3,0,0,0,0,0,4.3,7.3,2.3,4.3,0,0
2008-07-27,2895,0,3,0,0,0,1,0,4.3,7.3,2.3,4.3,0,0
2008-07-28,3027,0,3,0,0,0,1,0,4.3,7.3,2.3,4.3,0,0
2008-07-29,2852,0,3,0,0,0,1,0,4.3,7.3,2.3,4.3,0,0
2008-07-30,2380,0,3,0,0,0,1,0,4.3,7.3,2.3,4.3,0,0
2008-07-31,2955,0,3,0,0,0,1,0,4.3,7.3,2.3,4.3,0,0
2008-08-01,1889,0,3,0,0,0,1,0,4.3,7.3,2.3,4.3,0,0
2008-08-02,1760,0,3,1,0,0,1,0,4.3,7.3,2.3,4.3,0,0
2008-08-03,2177,0,3,0,0,0,1,0,4.3,7.3,2.3,4.3,0,0
2008-08-04,1770,0,3,0,0,0,1,0,4.3,7.3,2.3,4.3,0,0
2008-08-05,1852,0,3,0,0,0,1,0,4.3,7.3,2.3,4.3,0,0
2008-08-06,2166,0,3,0,0,0,1,0,4.3,7.3,2.3,4.3,0,0
2008-08-07,2694,0,3,0,0,0,1,0,4.3,7.3,2.3,4.3,0,0
2008-08-08,1662,0,3,0,0,0,1,0,4.3,7.3,2.3,4.3,0,0
2008-08-09,1391,0,1,0,0,0,1,0,4.3,7.3,2.3,4.3,0,0
2008-08-10,2683,0,1,0,0,0,0,0,4.3,7.3,2.3,4.3,0,0
2008-08-11,1489,0,1,1,0,0,0,0,4.3,7.3,2.3,4.3,0,0
2008-08-12,1759,0,1,0,0,0,0,0,4.3,7.3,2.3,4.3,0,0
2008-08-13,1727,0,1,0,0,0,0,0,4.3,7.3,2.3,4.3,0,0
2008-08-14,1588,0,1,0,0,0,0,0,4.3,7.3,2.3,4.3,0,0
2008-08-15,1527,0,1,0,0,0,0,0,4.3,7.3,2.3,4.3,0,0
2008-08-16,1633,0,1,0,0,0,0,0,4.3,7.3,2.3,4.3,0,0
2008-08-17,2350,0,1,0,0,0,0,0,4.3,7.3,2.3,4.3,0,0
2008-08-18,1939,0,1,0,0,0,0,0,4.3,7.3,2.3,4.3,0,0
2008-08-19,1759,0,1,0,0,0,0,0,4.3,7.3,2.3,4.3,0,0
2008-08-20,2096,0,1,0,0,0,0,0,4.3,7.3,2.3,4.3,0,0
2008-08-21,818,0,0,0,0,0,0,0,4.3,7.3,2.3,4.3,0,0
2008-08-22,756,0,0,0,0,0,0,0,4.3,7.3,2.3,4.3,0,0
2008-08-23,1232,0,0,0,0,0,0,0,4.3,7.3,2.3,4.3,0,0
2008-08-24,1719,0,0,0,0,0,0,0,4.3,7.3,2.3,4.3,0,0
2008-08-25,669,0,0,0,0,0,0,0,4.3,7.3,2.3,4.3,0,0
2008-08-26,662,0,0,0,0,0,0,0,4.3,7.3,2.3,4.3,0,0
2008-08-27,679,0,0,0,0,0,0,0,4.3,7.3,2.3,4.3,0,0
2008-08-28,675,0,0,0,0,0,0,0,4.3,7.3,2.3,4.3,0,0
2008-08-29,747,0,0,0,0,0,0,0,4.3,7.3,2.3,4.3,0,0
2008-08-30,1067,0,0,1,0,0,0,0,4.3,7.3,2.3,4.3,0,0
2008-08-31,2322,0,0,0,0,0,0,0,4.3,7.3,2.3,4.3,0,0
2008-09-01,636,0,0,0,0,0,0,0,4.3,7.3,2.3,4.3,0,0
2008-09-02,615,0,0,0,0,0,0,0,4.3,7.3,2.3,4.3,0,0
2008-09-03,531,0,0,0,0,0,0,0,4.3,7.3,2.3,4.3,0,0
2008-09-04,609,0,0,0,0,0,0,0,4.3,7.3,2.3,4.3,0,0
2008-09-05,615,0,0,0,0,0,0,0,4.3,7.3,2.3,4.3,0,0
2008-09-06,863,0,0,0,0,0,0,0,4.3,7.3,2.3,4.3,0,0
2008-09-07,1814,0,0,0,0,0,0,0,4.3,7.3,2.3,4.3,0,0
2008-09-08,964,0,0,0,0,0,0,0,4.3,7.3,2.3,4.3,0,0
2008-09-09,588,0,0,0,0,0,0,0,4.3,7.3,2.3,4.3,0,0
2008-09-10,573,0,0,0,0,0,0,0,4.3,7.3,2.3,4.3,0,0
2008-09-11,626,0,0,0,0,0,0,0,4.3,7.3,2.3,4.3,0,0
2008-09-12,656,0,0,0,0,0,0,0,4.3,7.3,2.3,4.3,0,0
2008-09-13,1002,0,0,1,0,0,0,0,4.3,7.3,2.3,4.3,0,0
2008-09-14,1199,0,0,0,0,0,0,0,4.3,7.3,2.3,4.3,0,0
2008-09-15,592,0,0,0,0,0,0,0,4.3,7.3,2.3,4.3,0,0
2008-09-16,526,0,0,0,0,0,0,0,4.3,7.3,2.3,4.3,0,0
2008-09-17,520,0,0,0,0,0,0,0,4.3,7.3,2.3,4.3,0,0
2008-09-18,547,0,0,0,0,0,0,0,4.3,7.3,2.3,4.3,0,0
2008-09-19,617,0,0,0,0,0,0,0,4.3,7.3,2.3,4.3,0,0
2008-09-20,840,0,0,0,0,0,0,0,4.3,7.3,2.3,4.3,0,0
2008-09-21,1489,0,0,0,0,0,0,0,4.3,7.3,2.3,4.3,0,0
2008-09-22,583,0,0,0,0,0,0,0,4.3,7.3,2.3,4.3,0,0
2008-09-23,567,0,0,0,0,0,0,0,4.3,7.3,2.3,4.3,0,0
2008-09-24,544,0,0,0,0,0,0,0,4.3,7.3,2.3,4.3,0,0
2008-09-25,524,0,0,0,0,0,0,0,4.3,7.3,2.3,4.3,0,0
2008-09-26,521,0,0,1,0,0,0,0,4.3,7.3,2.3,4.3,0,0
2008-09-27,691,0,0,1,0,0,0,0,4.3,7.3,2.3,4.3,0,0
2008-09-28,1080,0,0,1,0,0,0,0,4.3,7.3,2.3,4.3,0,0
2008-09-29,931,0,2,0,0,0,0,0,4.3,7.3,2.3,4.3,0,0
2008-09-30,1045,0,2,0,0,0,0,0,4.3,7.3,2.3,4.3,0,0
2008-10-01,1096,0,2,0,0,0,0,0,4.3,7.3,2.3,4.3,0,0
2008-10-02,968,0,2,0,0,0,0,0,4.3,7.3,2.3,4.3,0,0
2008-10-03,1612,3,2,0,0,0,0,0,4.3,7.3,2.3,4.3,0,0
2008-10-04,1639,0,2,1,0,0,0,0,4.3,7.3,2.3,4.3,0,0
2008-10-05,2062,0,2,1,0,0,0,0,4.3,7.3,2.3,4.3,0,0
2008-10-06,1112,0,2,0,0,0,0,0,4.3,7.3,2.3,4.3,0,0
2008-10-07,905,0,2,0,0,0,0,0,4.3,7.3,2.3,4.3,0,0
2008-10-08,1109,0,2,0,0,0,0,0,4.3,7.3,2.3,4.3,0,0
2008-10-09,989,0,2,0,0,0,0,0,4.3,7.3,2.3,4.3,0,0
2008-10-10,896,0,2,0,0,0,0,0,4.3,7.3,2.3,4.3,0,0
2008-10-11,930,0,2,0,0,0,0,0,4.3,7.3,2.3,4.3,0,0
2008-10-12,1419,0,0,0,0,0,0,0,4.3,7.3,2.3,4.3,0,0
2008-10-13,1025,0,1,0,0,0,0,0,4.3,7.3,2.3,4.3,0,0
2008-10-14,997,0,1,0,0,0,0,0,4.3,7.3,2.3,4.3,0,0
2008-10-15,1376,0,1,0,0,0,0,0,4.3,7.3,2.3,4.3,0,0
2008-10-16,1329,0,1,0,0,0,0,0,4.3,7.3,2.3,4.3,0,0
2008-10-17,977,0,1,0,0,0,0,0,4.3,7.3,2.3,4.3,0,0
2008-10-18,1039,0,1,0,0,0,0,0,4.3,7.3,2.3,4.3,0,0
2008-10-19,1608,0,1,0,0,0,0,0,4.3,7.3,2.3,4.3,0,0
2008-10-20,1169,0,1,0,0,0,0,0,4.3,7.3,2.3,4.3,0,0
2008-10-21,1525,0,1,0,0,0,0,0,4.3,7.3,2.3,4.3,0,0
2008-10-22,1537,0,1,0,0,0,0,0,4.3,7.3,2.3,4.3,0,0
2008-10-23,1294,0,1,0,0,0,0,0,4.3,7.3,2.3,4.3,0,0
2008-10-24,1104,0,1,0,0,0,0,0,4.3,7.3,2.3,4.3,0,0
2008-10-25,1213,0,1,0,0,0,0,0,4.3,7.3,2.3,4.3,0,0
2008-10-26,1793,0,0,0,0,0,0,0,4.3,7.3,2.3,4.3,0,0
2008-10-27,627,0,0,0,0,0,0,0,4.3,7.3,2.3,4.3,0,0
2008-10-28,632,0,0,0,0,0,0,0,4.3,7.3,2.3,4.3,0,0
2008-10-29,621,0,0,0,0,0,0,0,4.3,7.3,2.3,4.3,0,0
2008-10-30,650,0,0,0,0,0,0,0,4.3,7.3,2.3,4.3,0,0
2008-10-31,637,0,0,0,0,0,0,0,4.3,7.3,2.3,4.3,0,0
2008-11-01,1192,2,0,0,0,0,0,0,4.3,7.3,2.3,4.3,0,0
2008-11-02,1329,0,0,0,0,0,0,0,4.3,7.3,2.3,4.3,0,0
2008-11-03,647,0,0,0,0,0,0,0,4.3,7.3,2.3,4.3,0,0
2008-11-04,486,0,0,0,0,0,0,0,4.3,7.3,2.3,4.3,0,0
2008-11-05,600,0,0,0,0,0,0,0,4.3,7.3,2.3,4.3,0,0
2008-11-06,564,0,0,0,0,0,0,0,4.3,7.3,2.3,4.3,0,0
2008-11-07,679,0,0,0,0,0,0,0,4.3,7.3,2.3,4.3,0,0
2008-11-08,1173,0,0,0,0,0,0,0,4.3,7.3,2.3,4.3,0,0
2008-11-09,1587,0,0,0,0,0,0,0,4.3,7.3,2.3,4.3,0,0
2008-11-10,656,0,0,0,0,0,0,0,4.3,7.3,2.3,4.3,0,0
2008-11-11,486,0,0,0,0,0,0,0,4.3,7.3,2.3,4.3,0,0
2008-11-12,583,0,0,0,0,0,0,0,4.3,7.3,2.3,4.3,0,0
2008-11-13,583,0,0,0,0,0,0,0,4.3,7.3,2.3,4.3,0,0
2008-11-14,665,0,0,0,0,0,0,0,4.3,7.3,2.3,4.3,0,0
2008-11-15,1284,0,0,0,0,0,0,0,4.3,7.3,2.3,4.3,0,0
2008-11-16,1872,0,0,1,0,0,0,0,4.3,7.3,2.3,4.3,0,0
2008-11-17,639,0,0,0,0,0,0,0,4.3,7.3,2.3,4.3,0,0
2008-11-18,491,0,0,0,0,0,0,0,4.3,7.3,2.3,4.3,0,0
2008-11-19,607,0,0,0,0,0,0,0,4.3,7.3,2.3,4.3,0,0
2008-11-20,553,0,0,0,0,0,0,0,4.3,7.3,2.3,4.3,0,0
2008-11-21,614,0,0,0,0,0,0,0,4.3,7.3,2.3,4.3,0,0
2008-11-22,602,0,0,0,0,0,0,0,4.3,7.3,2.3,4.3,0,0
2008-11-23,1247,0,0,0,0,0,0,0,4.3,7.3,2.3,4.3,0,0
2008-11-24,513,0,0,0,0,0,0,0,4.3,7.3,2.3,4.3,0,0
2008-11-25,448,0,0,0,0,0,0,0,4.3,7.3,2.3,4.3,0,0
2008-11-26,506,0,0,0,0,0,0,0,4.3,7.3,2.3,4.3,0,0
2008-11-27,484,0,0,0,0,0,0,0,4.3,7.3,2.3,4.3,0,0
2008-11-28,555,0,0,0,0,0,0,0,4.3,7.3,2.3,4.3,0,0
2008-11-29,841,0,0,0,0,0,0,0,4.3,7.3,2.3,4.3,0,0
2008-11-30,1076,0,0,0,0,0,0,0,4.3,7.3,2.3,4.3,0,0
2008-12-01,490,0,0,0,0,0,0,0,4.3,7.3,2.3,4.3,0,0
2008-12-02,456,0,0,0,0,0,0,0,4.3,7.3,2.3,4.3,0,0
2008-12-03,481,0,0,0,0,0,0,0,4.3,7.3,2.3,4.3,0,0
2008-12-04,507,0,0,0,0,0,0,0,4.3,7.3,2.3,4.3,0,0
2008-12-05,586,0,0,0,0,0,0,0,4.3,7.3,2.3,4.3,0,0
2008-12-06,753,0,0,1,0,0,0,0,4.3,7.3,2.3,4.3,0,0
2008-12-07,882,0,0,0,0,0,0,1,4.3,7.3,2.3,4.3,0,0
2008-12-08,263,0,0,0,0,0,0,1,4.3,7.3,2.3,4.3,0,0
2008-12-09,270,0,0,0,0,0,0,1,4.3,7.3,2.3,4.3,0,0
2008-12-10,285,0,0,0,0,0,0,1,4.3,7.3,2.3,4.3,0,0
2008-12-11,321,0,0,0,0,0,0,1,4.3,7.3,2.3,4.3,0,0
2008-12-12,364,0,0,0,0,0,0,1,4.3,7.3,2.3,4.3,0,0
2008-12-13,564,0,0,0,0,0,0,1,4.3,7.3,2.3,4.3,0,0
2008-12-14,947,0,0,0,0,0,0,1,4.3,7.3,2.3,4.3,0,0
2008-12-15,227,0,0,0,0,0,0,1,4.3,7.3,2.3,4.3,0,0
2008-12-16,265,0,0,0,0,0,0,1,4.3,7.3,2.3,4.3,0,0
2008-12-17,261,0,0,0,0,0,0,1,4.3,7.3,2.3,4.3,0,0
2008-12-18,255,0,0,0,0,0,0,1,4.3,7.3,2.3,4.3,0,0
2008-12-19,315,0,0,0,0,0,0,1,4.3,7.3,2.3,4.3,0,0
2008-12-20,498,0,0,0,0,0,0,1,4.3,7.3,2.3,4.3,0,0
2008-12-21,1353,0,0,0,0,0,0,0,4.3,7.3,2.3,4.3,0,0
2008-12-22,788,0,3,0,0,0,0,0,4.3,7.3,2.3,4.3,0,0
2008-12-23,866,0,3,0,0,0,0,0,4.3,7.3,2.3,4.3,0,0
2008-12-24,330,0,3,0,0,0,0,0,4.3,7.3,2.3,4.3,0,0
2008-12-26,597,3,3,0,0,0,0,0,4.3,7.3,2.3,4.3,0,0
2008-12-27,1008,0,3,0,0,0,0,0,4.3,7.3,2.3,4.3,0,0
2008-12-28,1648,0,3,0,0,0,0,0,4.3,7.3,2.3,4.3,0,0
2008-12-29,1582,0,3,0,0,0,0,0,4.3,7.3,2.3,4.3,0,0
2008-12-30,1447,0,3,0,0,0,0,0,4.3,7.3,2.3,4.3,0,0
2008-12-31,395,0,3,0,0,0,0,0,4.3,7.3,2.3,4.3,0,0
2009-01-01,545,3,3,0,0,0,0,0,4.3,7.3,2.3,4.3,0,0
2009-01-02,1485,0,3,0,0,0,0,0,4.3,7.3,2.3,4.3,0,0
2009-01-03,1369,0,3,0,0,0,0,0,4.3,7.3,2.3,4.3,0,0
2009-01-04,1045,0,3,0,0,0,0,0,4.3,7.3,2.3,4.3,0,0
2009-01-05,1240,0,3,0,0,0,0,0,4.3,7.3,2.3,4.3,0,0
2009-01-06,892,0,3,0,0,0,0,0,4.3,7.3,2.3,4.3,0,0
2009-01-07,428,0,0,0,0,0,0,0,4.3,7.3,2.3,4.3,0,0
2009-01-08,516,0,0,0,0,0,0,0,4.3,7.3,2.3,4.3,0,0
2009-01-09,575,0,0,0,0,0,0,0,4.3,7.3,2.3,4.3,0,0
2009-01-10,997,0,0,0,0,0,0,0,4.3,7.3,2.3,4.3,0,0
2009-01-11,1123,0,0,0,0,0,0,0,4.3,7.3,2.3,4.3,0,0
2009-01-12,539,0,0,0,0,0,0,0,4.3,7.3,2.3,4.3,0,0
2009-01-13,571,0,0,0,0,0,0,0,4.3,7.3,2.3,4.3,0,0
2009-01-14,544,0,0,0,0,0,0,0,4.3,7.3,2.3,4.3,0,0
2009-01-15,617,0,0,0,0,0,0,0,4.3,7.3,2.3,4.3,0,0
2009-01-16,719,0,0,0,0,0,0,0,4.3,7.3,2.3,4.3,0,0
2009-01-17,1778,0,0,0,0,0,0,0,4.3,7.3,2.3,4.3,0,0
2009-01-18,2671,0,0,0,0,0,0,0,4.3,7.3,2.3,4.3,0,0
2009-01-19,795,0,0,0,0,0,0,0,4.3,7.3,2.3,4.3,0,0
2009-01-20,712,0,0,0,0,0,0,0,4.3,7.3,2.3,4.3,0,0
2009-01-21,574,0,0,0,0,0,0,0,4.3,7.3,2.3,4.3,0,0
2009-01-22,681,0,0,0,0,0,0,0,4.3,7.3,2.3,4.3,0,0
2009-01-23,787,0,0,0,0,0,0,0,4.3,7.3,2.3,4.3,0,0
2009-01-24,1707,0,0,0,0,0,0,0,4.3,7.3,2.3,4.3,0,0
2009-01-25,2193,0,0,0,0,0,0,0,4.3,7.3,2.3,4.3,0,0
2009-01-26,1285,0,0,0,0,0,0,0,4.3,7.3,2.3,4.3,0,0
2009-01-27,617,0,0,0,0,0,0,0,4.3,7.3,2.3,4.3,0,0
2009-01-28,583,0,0,0,0,0,0,0,4.3,7.3,2.3,4.3,0,0
2009-01-29,570,0,0,0,0,0,0,0,4.3,7.3,2.3,4.3,0,0
2009-01-30,800,0,0,0,0,0,0,0,4.3,7.3,2.3,4.3,0,0
2009-01-31,1413,0,0,0,0,0,0,0,4.3,7.3,2.3,4.3,0,0
2009-02-01,2085,0,0,0,0,0,0,0,4.3,7.3,2.3,4.3,0,0
2009-02-02,1890,0,1,0,0,0,0,0,4.3,7.3,2.3,4.3,0,0
2009-02-03,1542,0,1,0,0,0,0,0,4.3,7.3,2.3,4.3,0,0
2009-02-04,611,0,0,0,0,0,0,0,4.3,7.3,2.3,4.3,0,0
2009-02-05,598,0,0,0,0,0,0,0,4.3,7.3,2.3,4.3,0,0
2009-02-06,790,0,0,0,0,0,0,0,4.3,7.3,2.3,4.3,0,0
2009-02-07,1718,0,0,0,0,0,0,0,4.3,7.3,2.3,4.3,0,0
2009-02-08,2270,0,0,0,0,0,0,0,4.3,7.3,2.3,4.3,0,0
2009-02-09,697,0,0,0,0,0,0,0,4.3,7.3,2.3,4.3,0,0
2009-02-10,649,0,0,0,0,0,0,0,4.3,7.3,2.3,4.3,0,0
2009-02-11,634,0,0,0,0,0,0,0,4.3,7.3,2.3,4.3,0,0
2009-02-12,600,0,0,0,0,0,0,0,4.3,7.3,2.3,4.3,0,0
2009-02-13,1376,0,0,1,0,0,0,0,4.3,7.3,2.3,4.3,0,0
2009-02-14,1965,0,0,1,0,0,0,0,4.3,7.3,2.3,4.3,0,0
2009-02-15,2507,0,0,1,0,0,0,0,4.3,7.3,2.3,4.3,0,0
2009-02-16,706,0,0,0,0,0,0,0,4.3,7.3,2.3,4.3,0,0
2009-02-17,622,0,0,0,0,0,0,0,4.3,7.3,2.3,4.3,0,0
2009-02-18,604,0,0,0,0,0,0,0,4.3,7.3,2.3,4.3,0,0
2009-02-19,609,0,0,0,0,0,0,0,4.3,7.3,2.3,4.3,0,0
2009-02-20,754,0,0,0,0,0,0,0,4.3,7.3,2.3,4.3,0,0
2009-02-21,1497,0,0,0,0,0,0,0,4.3,7.3,2.3,4.3,0,0
2009-02-22,2473,0,0,0,0,0,0,0,4.3,7.3,2.3,4.3,0,0
2009-02-23,1338,0,0,0,0,0,0,0,4.3,7.3,2.3,4.3,0,0
2009-02-24,693,0,0,0,0,0,0,0,4.3,7.3,2.3,4.3,0,0
2009-02-25,635,0,0,0,0,0,0,0,4.3,7.3,2.3,4.3,0,0
2009-02-26,644,0,0,0,0,0,0,0,4.3,7.3,2.3,4.3,0,0
2009-02-27,869,0,0,0,0,0,0,0,4.3,7.3,2.3,4.3,0,0
2009-02-28,1735,0,0,0,0,0,0,0,4.3,7.3,2.3,4.3,0,0
2009-03-01,2077,0,0,0,0,0,0,0,4.3,7.3,2.3,4.3,0,0
2009-03-02,667,0,0,0,0,0,0,0,4.3,7.3,2.3,4.3,0,0
2009-03-03,618,0,0,0,0,0,0,0,4.3,7.3,2.3,4.3,0,0
2009-03-04,628,0,0,0,0,0,0,0,4.3,7.3,2.3,4.3,0,0
2009-03-05,570,0,0,0,0,0,0,0,4.3,7.3,2.3,4.3,0,0
2009-03-06,836,0,0,0,0,0,0,0,4.3,7.3,2.3,4.3,0,0
2009-03-07,1742,0,0,0,0,0,0,0,4.3,7.3,2.3,4.3,0,0
2009-03-08,2408,0,0,0,0,0,0,0,4.3,7.3,2.3,4.3,0,0
2009-03-09,778,0,0,0,0,0,0,0,4.3,7.3,2.3,4.3,0,0
2009-03-10,709,0,0,0,0,0,0,0,4.3,7.3,2.3,4.3,0,0
2009-03-11,623,0,0,0,0,0,0,0,4.3,7.3,2.3,4.3,0,0
2009-03-12,580,0,0,0,0,0,0,0,4.3,7.3,2.3,4.3,0,0
2009-03-13,801,0,0,0,0,0,0,0,4.3,7.3,2.3,4.3,0,0
2009-03-14,1289,0,0,0,0,0,0,0,4.3,7.3,2.3,4.3,0,0
2009-03-15,2356,0,0,0,0,0,0,0,4.3,7.3,2.3,4.3,0,0
2009-03-16,657,0,0,0,0,0,0,0,4.3,7.3,2.3,4.3,0,0
2009-03-17,657,0,0,0,0,0,0,0,4.3,7.3,2.3,4.3,0,0
2009-03-18,615,0,0,0,0,0,0,0,4.3,7.3,2.3,4.3,0,0
2009-03-19,622,0,0,0,0,0,0,0,4.3,7.3,2.3,4.3,0,0
2009-03-20,747,0,0,0,0,0,0,0,4.3,7.3,2.3,4.3,0,0
2009-03-21,1458,0,0,1,0,0,0,0,4.3,7.3,2.3,4.3,0,0
2009-03-22,1988,0,0,1,0,0,0,0,4.3,7.3,2.3,4.3,0,0
2009-03-23,780,0,0,0,0,0,0,0,4.3,7.3,2.3,4.3,0,0
2009-03-24,680,0,0,0,0,0,0,0,4.3,7.3,2.3,4.3,0,0
2009-03-25,659,0,0,0,0,0,0,0,4.3,7.3,2.3,4.3,0,0
2009-03-26,636,0,0,0,0,0,0,0,4.3,7.3,2.3,4.3,0,0
2009-03-27,861,0,0,1,0,0,0,0,4.3,7.3,2.3,4.3,0,0
2009-03-28,1166,0,0,0,0,0,0,0,4.3,7.3,2.3,4.3,0,0
2009-03-29,1400,0,0,0,0,0,0,0,4.3,7.3,2.3,4.3,0,0
2009-03-30,1024,0,1,0,0,0,0,0,4.3,7.3,2.3,4.3,0,0
2009-03-31,949,0,1,0,0,0,0,0,4.3,7.3,2.3,4.3,0,0
2009-04-01,887,0,1,0,0,0,0,0,4.3,7.3,2.3,4.3,0,0
2009-04-02,937,0,1,0,0,0,0,0,4.3,7.3,2.3,4.3,0,0
2009-04-03,810,0,1,0,0,0,0,0,4.3,7.3,2.3,4.3,0,0
2009-04-04,859,0,1,0,0,0,0,0,4.3,7.3,2.3,4.3,0,0
2009-04-05,1313,0,1,0,0,0,0,0,4.3,7.3,2.3,4.3,0,0
2009-04-06,1379,0,3,0,0,0,0,0,4.3,7.3,2.3,4.3,0,0
2009-04-07,1303,0,3,0,0,0,0,0,4.3,7.3,2.3,4.3,0,0
2009-04-08,1437,0,3,0,0,0,0,0,4.3,7.3,2.3,4.3,0,0
2009-04-09,1236,0,3,0,0,0,0,0,4.3,7.3,2.3,4.3,0,0
2009-04-10,1172,3,3,0,0,0,0,0,4.3,7.3,2.3,4.3,0,0
2009-04-11,1134,0,3,0,0,0,0,0,4.3,7.3,2.3,4.3,0,0
2009-04-12,585,0,3,0,0,0,0,0,4.3,7.3,2.3,4.3,0,0
2009-04-13,1130,3,3,0,0,0,0,0,4.3,7.3,2.3,4.3,0,0
2009-04-14,1393,0,3,0,0,0,0,0,4.3,7.3,2.3,4.3,0,0
2009-04-15,1499,0,3,0,0,0,0,0,4.3,7.3,2.3,4.3,0,0
2009-04-16,1237,0,2,0,0,0,0,0,4.3,7.3,2.3,4.3,0,0
2009-04-17,1162,0,2,0,0,0,0,0,4.3,7.3,2.3,4.3,0,0
2009-04-18,1578,0,2,0,0,0,0,0,4.3,7.3,2.3,4.3,0,0
2009-04-19,1793,0,0,0,0,0,0,0,4.3,7.3,2.3,4.3,0,0
2009-04-20,523,0,0,0,1,1,0,0,4.3,7.3,2.3,4.3,0,0
2009-04-21,342,0,0,0,1,1,0,0,4.3,7.3,2.3,4.3,0,0
2009-04-22,284,0,0,0,1,1,0,0,4.3,7.3,2.3,4.3,0,0
2009-04-23,279,0,0,0,1,1,0,0,4.3,7.3,2.3,4.3,0,0
2009-04-24,304,0,0,0,1,1,0,0,4.3,7.3,2.3,4.3,0,0
2009-04-25,290,0,0,0,1,1,0,0,4.3,7.3,2.3,4.3,0,0
2009-04-26,364,0,0,0,1,1,0,0,4.3,7.3,2.3,4.3,0,0
2009-04-27,446,0,0,0,1,1,0,0,4.3,7.3,2.3,4.3,0,0
2009-04-28,326,0,0,0,1,1,0,0,4.3,7.3,2.3,4.3,0,0
2009-04-29,322,0,0,0,1,1,0,0,4.3,7.3,2.3,4.3,0,0
2009-04-30,275,0,0,0,1,1,0,0,4.3,7.3,2.3,4.3,0,0
2009-05-01,264,3,0,0,1,1,0,0,4.6,7.6,2.6,4.6,0,0
2009-05-02,355,0,0,0,1,1,0,0,4.6,7.6,2.6,4.6,0,0
2009-05-03,480,0,0,0,1,1,0,0,4.6,7.6,2.6,4.6,0,0
2009-05-04,476,0,0,0,1,1,0,0,4.6,7.6,2.6,4.6,0,0
2009-05-05,243,0,0,0,1,1,0,0,4.6,7.6,2.6,4.6,0,0
2009-05-06,314,0,0,0,1,1,0,0,4.6,7.6,2.6,4.6,0,0
2009-05-07,260,0,0,0,1,1,0,0,4.6,7.6,2.6,4.6,0,0
2009-05-08,240,0,0,0,1,1,0,0,4.6,7.6,2.6,4.6,0,0
2009-05-09,297,0,0,0,1,1,0,0,4.6,7.6,2.6,4.6,0,0
2009-05-10,264,0,0,0,1,1,0,0,4.6,7.6,2.6,4.6,0,0
2009-05-11,444,0,0,0,1,1,0,0,4.6,7.6,2.6,4.6,0,0
2009-05-12,278,0,0,0,1,1,0,0,4.6,7.6,2.6,4.6,0,0
2009-05-13,290,0,0,0,1,1,0,0,4.6,7.6,2.6,4.6,0,0
2009-05-14,265,0,0,0,1,1,0,0,4.6,7.6,2.6,4.6,0,0
2009-05-15,239,0,0,0,1,1,0,0,4.6,7.6,2.6,4.6,0,0
2009-05-16,325,0,0,0,1,1,0,0,4.6,7.6,2.6,4.6,0,0
2009-05-17,510,0,0,0,1,1,0,0,4.6,7.6,2.6,4.6,0,0
2009-05-18,507,0,0,0,1,1,1,0,4.6,7.6,2.6,4.6,0,0
2009-05-19,311,0,0,0,1,1,1,0,4.6,7.6,2.6,4.6,0,0
2009-05-20,340,0,0,0,1,1,1,0,4.6,7.6,2.6,4.6,0,0
2009-05-21,461,3,0,0,1,1,1,0,4.6,7.6,2.6,4.6,0,0
2009-05-22,415,0,1,0,1,1,1,0,4.6,7.6,2.6,4.6,0,0
2009-05-23,436,0,0,0,1,1,1,0,4.6,7.6,2.6,4.6,0,0
2009-05-24,890,0,0,0,1,1,1,0,4.6,7.6,2.6,4.6,0,0
2009-05-25,622,0,0,0,1,1,1,0,4.6,7.6,2.6,4.6,0,0
2009-05-26,391,0,0,0,1,1,1,0,4.6,7.6,2.6,4.6,0,0
2009-05-27,300,0,0,0,1,1,1,0,4.6,7.6,2.6,4.6,0,0
2009-05-28,239,0,0,0,1,1,1,0,4.6,7.6,2.6,4.6,0,0
2009-05-29,313,0,0,0,1,1,1,0,4.6,7.6,2.6,4.6,0,0
2009-05-30,531,0,0,0,1,1,1,0,4.6,7.6,2.6,4.6,0,0
2009-05-31,828,0,0,0,1,1,1,0,4.6,7.6,2.6,4.6,0,0
2009-06-01,1188,3,0,0,1,1,1,0,4.6,7.6,2.6,4.6,0,0
2009-06-02,784,0,3,0,1,1,1,0,4.6,7.6,2.6,4.6,0,0
2009-06-03,260,0,0,0,1,1,1,0,4.6,7.6,2.6,4.6,0,0
2009-06-04,268,0,0,0,1,1,1,0,4.6,7.6,2.6,4.6,0,0
2009-06-05,231,0,0,0,1,1,1,0,4.6,7.6,2.6,4.6,0,0
2009-06-06,382,0,0,1,1,1,1,0,4.6,7.6,2.6,4.6,0,0
2009-06-07,468,0,0,0,1,1,1,0,4.6,7.6,2.6,4.6,0,0
2009-06-08,410,0,0,0,1,1,1,0,4.6,7.6,2.6,4.6,0,0
2009-06-09,306,0,0,0,1,1,1,0,4.6,7.6,2.6,4.6,0,0
2009-06-10,322,0,0,0,0,1,1,0,4.6,7.6,2.6,4.6,0,0
2009-06-11,478,2,0,0,0,1,1,0,4.6,7.6,2.6,4.6,0,0
2009-06-12,379,0,0,1,0,1,1,0,4.6,7.6,2.6,4.6,0,0
2009-06-13,529,0,0,1,0,1,1,0,4.6,7.6,2.6,4.6,0,0
2009-06-14,560,0,0,1,0,1,1,0,4.6,7.6,2.6,4.6,0,0
2009-06-15,435,0,0,0,0,1,1,0,4.6,7.6,2.6,4.6,0,0
2009-06-16,288,0,0,0,0,1,1,0,4.6,7.6,2.6,4.6,0,0
2009-06-17,377,0,0,0,0,1,1,0,4.6,7.6,2.6,4.6,0,0
2009-06-18,328,0,0,0,0,1,1,0,4.6,7.6,2.6,4.6,0,0
2009-06-19,285,0,0,0,0,0,1,0,4.6,7.6,2.6,4.6,0,0
2009-06-20,377,0,0,1,0,0,1,0,4.6,7.6,2.6,4.6,0,0
2009-06-21,539,0,0,0,0,0,1,0,4.6,7.6,2.6,4.6,0,0
2009-06-22,330,0,0,0,0,0,1,1,4.6,7.6,2.6,4.6,0,0
2009-06-23,496,0,0,0,0,0,1,1,4.6,7.6,2.6,4.6,0,0
2009-06-24,623,0,0,0,0,0,1,1,4.6,7.6,2.6,4.6,0,0
2009-06-25,861,0,1,0,0,0,1,1,4.6,7.6,2.6,4.6,0,0
2009-06-26,639,0,1,0,0,0,1,1,4.6,7.6,2.6,4.6,0,0
2009-06-27,687,0,1,0,0,0,1,1,4.6,7.6,2.6,4.6,0,0
2009-06-28,2146,0,1,0,0,0,1,1,4.6,7.6,2.6,4.6,0,0
2009-06-29,1546,0,1,0,0,0,1,1,4.6,7.6,2.6,4.6,0,0
2009-06-30,2221,0,1,0,0,0,1,1,4.6,7.6,2.6,4.6,0,0
2009-07-01,2280,0,1,0,0,0,1,1,4.6,7.6,2.6,4.6,0,0
2009-07-02,1954,0,3,0,0,0,1,1,4.6,7.6,2.6,4.6,0,0
2009-07-03,2701,0,3,0,0,0,1,1,4.6,7.6,2.6,4.6,0,0
2009-07-04,1779,0,3,0,0,0,0,1,4.6,7.6,2.6,4.6,0,0
2009-07-05,2707,0,3,0,0,0,0,1,4.6,7.6,2.6,4.6,0,0
2009-07-06,1464,0,3,0,0,0,0,1,4.6,7.6,2.6,4.6,0,0
2009-07-07,1376,0,3,0,0,0,0,1,4.6,7.6,2.6,4.6,0,0
2009-07-08,1568,0,3,0,0,0,0,1,4.6,7.6,2.6,4.6,0,0
2009-07-09,1559,0,3,0,0,0,0,1,4.6,7.6,2.6,4.6,0,0
2009-07-10,1607,0,3,0,0,0,0,1,4.6,7.6,2.6,4.6,0,0
2009-07-11,1684,0,3,0,0,0,0,1,4.6,7.6,2.6,4.6,0,0
2009-07-12,2800,0,3,0,0,0,0,1,4.6,7.6,2.6,4.6,0,0
2009-07-13,1535,0,3,0,0,0,0,1,4.6,7.6,2.6,4.6,0,0
2009-07-14,1979,0,3,0,0,0,0,1,4.6,7.6,2.6,4.6,0,0
2009-07-15,1997,0,3,0,0,0,0,1,4.6,7.6,2.6,4.6,0,0
2009-07-16,2256,0,3,0,0,0,0,1,4.6,7.6,2.6,4.6,0,0
2009-07-17,1591,0,3,0,0,0,0,1,4.6,7.6,2.6,4.6,0,0
2009-07-18,1473,0,3,0,0,0,0,1,4.6,7.6,2.6,4.6,0,0
2009-07-19,2581,0,3,0,0,0,0,1,4.6,7.6,2.6,4.6,0,0
2009-07-20,1640,0,3,0,0,0,0,1,4.6,7.6,2.6,4.6,0,0
2009-07-21,2015,0,3,0,0,0,0,1,4.6,7.6,2.6,4.6,0,0
2009-07-22,2343,0,3,0,0,0,0,1,4.6,7.6,2.6,4.6,0,0
2009-07-23,1926,0,3,0,0,0,0,1,4.6,7.6,2.6,4.6,0,0
2009-07-24,1798,0,3,0,0,0,0,1,4.6,7.6,2.6,4.6,0,0
2009-07-25,2088,0,3,0,0,0,0,1,4.6,7.6,2.6,4.6,0,0
2009-07-26,2183,0,3,0,0,0,0,1,4.6,7.6,2.6,4.6,0,0
2009-07-27,2318,0,3,0,0,0,0,1,4.6,7.6,2.6,4.6,0,0
2009-07-28,1708,0,3,0,0,0,0,1,4.6,7.6,2.6,4.6,0,0
2009-07-29,2129,0,3,0,0,0,0,1,4.6,7.6,2.6,4.6,0,0
2009-07-30,1998,0,3,0,0,0,0,1,4.6,7.6,2.6,4.6,0,0
2009-07-31,1566,0,3,0,0,0,0,1,4.6,7.6,2.6,4.6,0,0
2009-08-01,1691,0,3,0,0,0,0,1,4.6,7.6,2.6,4.6,0,0
2009-08-02,2601,0,3,0,0,0,0,1,4.6,7.6,2.6,4.6,0,0
2009-08-03,1626,0,3,0,0,0,0,1,4.6,7.6,2.6,4.6,0,0
2009-08-04,2184,0,3,0,0,0,0,1,4.6,7.6,2.6,4.6,0,0
2009-08-05,3483,0,3,0,0,0,0,1,4.6,7.6,2.6,4.6,0,0
2009-08-06,2069,0,2,0,0,0,0,1,4.6,7.6,2.6,4.6,0,0
2009-08-07,1971,0,2,0,0,0,0,1,4.6,7.6,2.6,4.6,0,0
2009-08-08,1434,0,2,0,0,0,0,1,4.6,7.6,2.6,4.6,0,0
2009-08-09,2055,0,2,0,0,0,0,1,4.6,7.6,2.6,4.6,0,0
2009-08-10,805,0,2,0,0,0,0,1,4.6,7.6,2.6,4.6,0,0
2009-08-11,980,0,2,0,0,0,0,1,4.6,7.6,2.6,4.6,0,0
2009-08-12,1171,0,2,0,0,0,0,1,4.6,7.6,2.6,4.6,0,0
2009-08-13,1049,0,2,0,0,0,0,1,4.6,7.6,2.6,4.6,0,0
2009-08-14,997,0,2,0,0,0,0,0,4.6,7.6,2.6,4.6,0,0
2009-08-15,1471,0,0,0,0,0,0,0,4.6,7.6,2.6,4.6,0,0
2009-08-16,1852,0,0,0,0,0,0,0,4.6,7.6,2.6,4.6,0,0
2009-08-17,834,0,0,0,0,0,0,0,4.6,7.6,2.6,4.6,0,0
2009-08-18,761,0,0,0,0,0,0,0,4.6,7.6,2.6,4.6,0,0
2009-08-19,1487,0,0,0,0,0,0,0,4.6,7.6,2.6,4.6,0,0
2009-08-20,2613,0,0,0,0,0,0,0,4.6,7.6,2.6,4.6,0,0
2009-08-21,957,0,0,0,0,0,0,0,4.6,7.6,2.6,4.6,0,0
2009-08-22,1180,0,0,0,0,0,0,0,4.6,7.6,2.6,4.6,0,0
2009-08-23,1987,0,0,0,0,0,0,0,4.6,7.6,2.6,4.6,0,0
2009-08-24,1054,0,0,0,0,0,0,0,4.6,7.6,2.6,4.6,0,0
2009-08-25,668,0,0,0,0,0,0,0,4.6,7.6,2.6,4.6,0,0
2009-08-26,611,0,0,0,0,0,0,0,4.6,7.6,2.6,4.6,0,0
2009-08-27,758,0,0,0,0,0,0,0,4.6,7.6,2.6,4.6,0,0
2009-08-28,744,0,0,0,0,0,0,0,4.6,7.6,2.6,4.6,0,0
2009-08-29,1083,0,0,0,0,0,0,0,4.6,7.6,2.6,4.6,0,0
2009-08-30,1585,0,0,0,0,0,0,0,4.6,7.6,2.6,4.6,0,0
2009-08-31,740,0,0,0,0,0,0,0,4.6,7.6,2.6,4.6,0,0
2009-09-01,790,0,0,0,0,0,0,0,4.6,7.6,2.6,4.6,0,0
2009-09-02,539,0,0,0,0,0,0,0,4.6,7.6,2.6,4.6,0,0
2009-09-03,591,0,0,0,0,0,0,0,4.6,7.6,2.6,4.6,0,0
2009-09-04,626,0,0,0,0,0,0,0,4.6,7.6,2.6,4.6,0,0
2009-09-05,1529,0,0,0,0,0,0,0,4.6,7.6,2.6,4.6,0,0
2009-09-06,1540,0,0,0,0,0,0,0,4.6,7.6,2.6,4.6,0,0
2009-09-07,581,0,0,0,0,0,0,0,4.6,7.6,2.6,4.6,0,0
2009-09-08,651,0,0,0,0,0,0,0,4.6,7.6,2.6,4.6,0,0
2009-09-09,620,0,0,0,0,0,0,0,4.6,7.6,2.6,4.6,0,0
2009-09-10,523,0,0,0,0,0,0,0,4.6,7.6,2.6,4.6,0,0
2009-09-11,690,0,0,0,0,0,0,0,4.6,7.6,2.6,4.6,0,0
2009-09-12,816,0,0,1,0,0,0,0,4.6,7.6,2.6,4.6,0,0
2009-09-13,1394,0,0,0,0,0,0,0,4.6,7.6,2.6,4.6,0,0
2009-09-14,623,0,0,0,0,0,0,0,4.6,7.6,2.6,4.6,0,0
2009-09-15,540,0,0,0,0,0,0,0,4.6,7.6,2.6,4.6,0,0
2009-09-16,481,0,0,0,0,0,0,0,4.6,7.6,2.6,4.6,0,0
2009-09-17,503,0,0,0,0,0,0,0,4.6,7.6,2.6,4.6,0,0
2009-09-18,593,0,0,0,0,0,0,0,4.6,7.6,2.6,4.6,0,0
2009-09-19,768,0,0,0,0,0,0,0,4.6,7.6,2.6,4.6,0,0
2009-09-20,1124,0,0,0,0,0,0,0,4.6,7.6,2.6,4.6,0,0
2009-09-21,676,0,0,0,0,0,0,0,4.6,7.6,2.6,4.6,0,0
2009-09-22,485,0,0,0,0,0,0,0,4.6,7.6,2.6,4.6,0,0
2009-09-23,583,0,0,0,0,0,0,0,4.6,7.6,2.6,4.6,0,0
2009-09-24,496,0,0,0,0,0,0,0,4.6,7.6,2.6,4.6,0,0
2009-09-25,546,0,0,0,0,0,0,0,4.6,7.6,2.6,4.6,0,0
2009-09-26,899,0,0,1,0,0,0,0,4.6,7.6,2.6,4.6,0,0
2009-09-27,1676,0,0,0,0,0,0,0,4.6,7.6,2.6,4.6,0,0
2009-09-28,615,0,0,0,0,0,0,0,4.6,7.6,2.6,4.6,0,0
2009-09-29,541,0,0,0,0,0,0,0,4.6,7.6,2.6,4.6,0,0
2009-09-30,528,0,0,0,0,0,0,0,4.6,7.6,2.6,4.6,0,0
2009-10-01,390,0,0,0,0,0,0,0,4.6,7.6,2.6,4.6,0,0
2009-10-02,528,0,0,0,0,0,0,0,4.6,7.6,2.6,4.6,0,0
2009-10-03,1241,3,0,0,0,0,0,0,4.6,7.6,2.6,4.6,0,0
2009-10-04,1315,0,0,0,0,0,0,0,4.6,7.6,2.6,4.6,0,0
2009-10-05,878,0,1,0,0,0,0,0,4.6,7.6,2.6,4.6,0,0
2009-10-06,859,0,1,0,0,0,0,0,4.6,7.6,2.6,4.6,0,0
2009-10-07,1069,0,1,0,0,0,0,0,4.6,7.6,2.6,4.6,0,0
2009-10-08,1027,0,1,0,0,0,0,0,4.6,7.6,2.6,4.6,0,0
2009-10-09,826,0,1,0,0,0,0,0,4.6,7.6,2.6,4.6,0,0
2009-10-10,914,0,1,0,0,0,0,0,4.6,7.6,2.6,4.6,0,0
2009-10-11,1676,0,1,0,0,0,0,0,4.6,7.6,2.6,4.6,0,0
2009-10-12,1677,0,3,0,0,0,0,0,4.6,7.6,2.6,4.6,0,0
2009-10-13,1273,0,3,0,0,0,0,0,4.6,7.6,2.6,4.6,0,0
2009-10-14,1507,0,3,0,0,0,0,0,4.6,7.6,2.6,4.6,0,0
2009-10-15,1513,0,3,0,0,0,0,0,4.6,7.6,2.6,4.6,0,0
2009-10-16,1352,0,3,0,0,0,0,0,4.6,7.6,2.6,4.6,0,0
2009-10-17,1102,0,3,0,0,0,0,0,4.6,7.6,2.6,4.6,0,0
2009-10-18,1347,0,2,0,0,0,0,0,4.6,7.6,2.6,4.6,0,0
2009-10-19,1042,0,2,0,0,0,0,0,4.6,7.6,2.6,4.6,0,0
2009-10-20,915,0,2,0,0,0,0,0,4.6,7.6,2.6,4.6,0,0
2009-10-21,1063,0,2,0,0,0,0,0,4.6,7.6,2.6,4.6,0,0
2009-10-22,1204,0,2,0,0,0,0,0,4.6,7.6,2.6,4.6,0,0
2009-10-23,989,0,2,0,0,0,0,0,4.6,7.6,2.6,4.6,0,0
2009-10-24,1013,0,2,0,0,0,0,0,4.6,7.6,2.6,4.6,0,0
2009-10-25,1544,0,0,0,0,0,0,0,4.6,7.6,2.6,4.6,0,0
2009-10-26,665,0,0,0,0,0,0,0,4.6,7.6,2.6,4.6,0,0
2009-10-27,526,0,0,0,0,0,0,0,4.6,7.6,2.6,4.6,0,0
2009-10-28,524,0,0,0,0,0,0,0,4.6,7.6,2.6,4.6,0,0
2009-10-29,557,0,0,0,0,0,0,0,4.6,7.6,2.6,4.6,0,0
2009-10-30,668,0,0,0,0,0,0,0,4.6,7.6,2.6,4.6,0,0
2009-10-31,737,0,0,0,0,0,0,0,4.6,7.6,2.6,4.6,0,0
2009-11-01,1258,2,0,0,0,0,0,0,4.6,7.6,2.6,4.6,0,0
2009-11-02,590,0,0,0,0,0,0,0,4.6,7.6,2.6,4.6,0,0
2009-11-03,478,0,0,0,0,0,0,0,4.6,7.6,2.6,4.6,0,0
2009-11-04,537,0,0,0,0,0,0,0,4.6,7.6,2.6,4.6,0,0
2009-11-05,526,0,0,0,0,0,0,0,4.6,7.6,2.6,4.6,0,0
2009-11-06,609,0,0,0,0,0,0,0,4.6,7.6,2.6,4.6,0,0
2009-11-07,1393,0,0,1,0,0,0,0,4.6,7.6,2.6,4.6,0,0
2009-11-08,1304,0,0,0,0,0,0,0,4.6,7.6,2.6,4.6,0,0
2009-11-09,519,0,0,0,0,0,0,0,4.6,7.6,2.6,4.6,0,0
2009-11-10,493,0,0,0,0,0,0,0,4.6,7.6,2.6,4.6,0,0
2009-11-11,479,0,0,0,0,0,0,0,4.6,7.6,2.6,4.6,0,0
2009-11-12,461,0,0,0,0,0,0,0,4.6,7.6,2.6,4.6,0,0
2009-11-13,584,0,0,0,0,0,0,0,4.6,7.6,2.6,4.6,0,0
2009-11-14,1147,0,0,0,0,0,0,0,4.6,7.6,2.6,4.6,0,0
2009-11-15,1574,0,0,0,0,0,0,0,4.6,7.6,2.6,4.6,0,0
2009-11-16,581,0,0,0,0,0,0,0,4.6,7.6,2.6,4.6,0,0
2009-11-17,470,0,0,0,0,0,0,0,4.6,7.6,2.6,4.6,0,0
2009-11-18,516,0,0,0,0,0,0,0,4.6,7.6,2.6,4.6,0,0
2009-11-19,479,0,0,0,0,0,0,0,4.6,7.6,2.6,4.6,0,0
2009-11-20,538,0,0,0,0,0,0,0,4.6,7.6,2.6,4.6,0,0
2009-11-21,895,0,0,0,0,0,0,0,4.6,7.6,2.6,4.6,0,0
2009-11-22,1560,0,0,0,0,0,0,0,4.6,7.6,2.6,4.6,0,0
2009-11-23,592,0,0,0,0,0,0,0,4.6,7.6,2.6,4.6,0,0
2009-11-24,483,0,0,0,0,0,0,0,4.6,7.6,2.6,4.6,0,0
2009-11-25,503,0,0,0,0,0,0,0,4.6,7.6,2.6,4.6,0,0
2009-11-26,459,0,0,0,0,0,0,0,4.6,7.6,2.6,4.6,0,0
2009-11-27,558,0,0,0,0,0,0,0,4.6,7.6,2.6,4.6,0,0
2009-11-28,890,0,0,0,0,0,0,0,4.6,7.6,2.6,4.6,0,0
2009-11-29,1171,0,0,0,0,0,0,0,4.6,7.6,2.6,4.6,0,0
2009-11-30,555,0,0,0,0,0,0,0,4.6,7.6,2.6,4.6,0,0
2009-12-01,448,0,0,0,0,0,0,0,4.6,7.6,2.6,4.6,0,0
2009-12-02,468,0,0,0,0,0,0,0,4.6,7.6,2.6,4.6,0,0
2009-12-03,454,0,0,0,0,0,0,0,4.6,7.6,2.6,4.6,0,0
2009-12-04,512,0,0,0,0,0,0,0,4.6,7.6,2.6,4.6,0,0
2009-12-05,879,0,0,0,0,0,0,0,4.6,7.6,2.6,4.6,0,0
2009-12-06,1162,0,0,0,0,0,0,0,4.6,7.6,2.6,4.6,0,0
2009-12-07,458,0,0,0,0,0,0,0,4.6,7.6,2.6,4.6,0,0
2009-12-08,467,0,0,0,0,0,0,0,4.6,7.6,2.6,4.6,0,0
2009-12-09,461,0,0,0,0,0,0,0,4.6,7.6,2.6,4.6,0,0
2009-12-10,433,0,0,0,0,0,0,0,4.6,7.6,2.6,4.6,0,0
2009-12-11,549,0,0,0,0,0,0,0,4.6,7.6,2.6,4.6,0,0
2009-12-12,1108,0,0,0,0,0,0,0,4.6,7.6,2.6,4.6,0,0
2009-12-13,1123,0,0,0,0,0,0,0,4.6,7.6,2.6,4.6,0,0
2009-12-14,480,0,0,0,0,0,0,0,4.6,7.6,2.6,4.6,0,0
2009-12-15,411,0,0,0,0,0,0,0,4.6,7.6,2.6,4.6,0,0
2009-12-16,462,0,0,0,0,0,0,0,4.6,7.6,2.6,4.6,0,0
2009-12-17,309,0,0,0,0,0,0,0,4.6,7.6,2.6,4.6,0,0
2009-12-18,325,0,0,0,0,0,0,0,4.6,7.6,2.6,4.6,0,0
2009-12-19,434,0,0,0,0,0,0,0,4.6,7.6,2.6,4.6,0,0
2009-12-20,522,0,0,0,0,0,0,0,4.6,7.6,2.6,4.6,0,0
2009-12-21,296,0,0,0,0,0,0,0,4.6,7.6,2.6,4.6,0,0
2009-12-22,328,0,0,0,0,0,0,0,4.6,7.6,2.6,4.6,0,0
2009-12-23,483,0,1,0,0,0,0,0,4.6,7.6,2.6,4.6,0,0
2009-12-24,372,0,3,0,0,0,0,0,4.6,7.6,2.6,4.6,0,0
2009-12-26,785,3,3,0,0,0,0,0,4.6,7.6,2.6,4.6,0,0
2009-12-27,1524,0,3,0,0,0,0,0,4.6,7.6,2.6,4.6,0,0
2009-12-28,1542,0,3,0,0,0,0,0,4.6,7.6,2.6,4.6,0,0
2009-12-29,1922,0,3,0,0,0,0,0,4.6,7.6,2.6,4.6,0,0
2009-12-30,1576,0,3,0,0,0,0,0,4.6,7.6,2.6,4.6,0,0
2009-12-31,392,0,3,0,0,0,0,0,4.6,7.6,2.6,4.6,0,0
